,ABCC1,ABL1,AKT1,ALOX5,APP,BCL2,CA3,CAPN2,CD38,CDK1,ERN1,EZH2,G6PD,HDAC2,HDAC6,HIF1A,HMOX1,IL6,JAK2,MAP2K1,MAPK8,MAPK9,MDM2,MMP2,NFE2L2,NFKB1,NOS3,NQO1,PARP1,PDGFRA,PPIA,PRKCA,PRKCD,PTGS2,RELA,SPHK1,SRC,XBP1,Type
GSM2370970,7.10997483028512,7.4069140664326,7.15658326362399,5.16473118752503,9.52387759164301,3.87108026380473,-0.370870008,8.35258358610212,-2.099387294,-1.406038913,4.24152962491667,0.803426798252834,4.39751291443832,3.60696837073706,6.04833016181167,5.45253034185209,5.98003775566402,-4.227797283,4.23326962433504,4.71871014385442,1.84040326865822,3.64066959722911,5.53548770894298,10.313268541668,5.16762386046055,4.45310262314047,3.36633424937396,3.12576799908799,6.02060014408671,8.10555393368212,7.2506368705402,5.43342915081497,5.28282511753519,-1.042938124,5.20752383916029,3.9738107990028,5.11614518835948,5.34802905993443,0
GSM2370971,6.04350726904841,5.53596631643085,5.3019358459436,1.79451893360336,7.45334880425523,6.57385870264706,12.3742204205049,7.09094988387177,3.53370178830665,0.329529209036284,1.88825869805435,1.88825869805435,1.54873384357994,5.34390302673753,5.32167254519218,4.94275833932651,3.08338291860928,-1.804628485,6.55432953796191,5.69790708817594,3.84166130587157,5.84056224242088,7.14377849451348,7.48807333213649,6.20478715121635,4.77291869309076,1.47006664061572,3.34269631799942,6.87895118022358,7.49553978845963,6.1833724262699,4.84677844937626,2.38284017643063,-0.945808931,4.33612667734214,0.784395533885953,1.79451893360336,4.91518569025563,0
GSM2370972,5.16166503928054,6.68630378784251,6.08859903238252,2.88738490864052,8.95250608407302,5.78375854644538,1.62577818138424,7.67740572245812,-0.176968771,-0.214081187,3.42880743904469,1.0375342934522,3.88656167278035,4.76979341451784,5.27397842548083,5.93232338784598,3.70712138300421,-2.593407838,5.44144657282388,4.87404366789915,3.07213753282273,4.71161115991213,6.08573878842221,9.03883953309738,6.40619873186035,5.0977970803882,1.91074126498893,4.17012931232497,5.67758420051055,8.89831586372958,7.19054541397272,3.68713137798263,4.83596900155251,-0.07103738,4.74341746847619,0.972955915317396,3.89530033018946,5.58609388821729,0
GSM2370973,6.63198712192929,7.15424156396729,6.42439241841527,4.30082249620792,9.577034687,3.50324848391712,-0.256510782,8.60004484351864,-1.717061749,-0.102900973,4.37898171064896,1.4754909916763,4.07256758556058,4.22061313044056,5.6526790158222,6.54457280130555,5.80605676812568,-4.227797283,5.40834921339435,4.41122433176399,2.35068109716708,4.17126031087406,6.10505576443414,10.2523200065551,5.80200925942133,4.92598723870193,2.95121715987223,2.99725795353274,5.95784138768679,9.04373951926524,7.01850559504854,6.23922821666786,4.76564551268642,-0.849533814,5.03208367582723,3.54259331104579,4.67825566577208,5.91500863254529,0
GSM2370974,5.83051631357787,6.91351719726325,6.55664874277634,2.52815029507661,8.15505008905611,6.31135107047887,3.23794723652479,7.87510724597898,-1.75639571,0.458674154872593,2.94153527961209,1.05322798662524,4.38483419841145,4.60056810203693,5.56241291719147,5.79523373119125,3.91605030606391,-2.897081523,5.44679714448569,5.73663123455047,2.73506870030787,4.81054564146185,5.79663374018352,8.83436748669261,5.93909129139366,4.90832663642793,3.22967914292022,4.97785356203778,6.01321928190761,8.00855433296393,7.28641098729078,4.81745855796789,5.72491373009526,-1.630644096,4.76263831279749,1.9764445581379,3.98644210729366,5.09740910789285,0
GSM2370975,6.18957990418779,6.60903895884007,5.91166537315903,5.20579265735876,8.69940397391539,4.30852482396476,-0.921045396,7.72732712204176,2.01058113143454,0.778220282670993,3.63880922654472,2.18074374244192,3.48672926152853,4.26465711138667,5.3428955672023,6.58916862886429,5.69161754698841,-1.937455728,6.43592000359405,4.41870794965459,2.76319035661427,4.56513631480209,6.40493393889684,8.55128361140449,6.59094600450187,5.22766432368613,0.674754533425662,3.4790716,5.88221131262214,8.46002010855487,7.17460550450776,6.01523455863888,5.21849558268214,-0.17756758,5.04263703554992,0.987003294833338,3.80728297431376,6.02183790184628,0
GSM2370976,5.90644212103494,6.84090208925657,6.03080836184384,4.67079920906095,9.29702170734334,4.45151536189068,0.30316330647639,7.99043160923195,-0.100903629,-0.025203787,3.77522263961023,1.42793012678944,3.62766034504465,4.7128581610885,5.10170890065927,7.23049816193366,5.20650257442072,-2.48234229,5.83524078734843,4.78429163427642,3.09470051263598,4.71009205815049,6.34304677197629,9.81390654187602,6.50700175947791,5.17675778540818,1.71957783918806,4.15670858807747,5.67638989515472,9.14204014341763,7.0907519260734,6.0734022548414,4.70732064152816,-0.100903629,4.96221215978004,1.53183613341418,3.97968726590266,5.55755053087354,0
GSM2370977,5.87156768135588,7.06051129690888,6.25862447903045,5.44395182891112,9.75298425765328,4.63093882478759,0.921820330471401,7.95114105433467,-0.661974016,0.0742907992649387,4.30978742818378,1.68239317383456,4.28858594181543,4.48098121273682,5.5578840181568,5.79093540878574,5.10669412087931,-4.227797283,5.05512494181922,4.60933724431837,2.60324212433689,3.97779335109412,5.98554704597526,8.39877260318989,6.26011050208751,4.98855572680368,2.91132938570145,2.50639323604109,6.08727574343802,8.83029801613362,7.42197360110521,5.00873312445254,5.13072086089532,0.10988906427468,4.87676204601064,3.14804056176261,4.58582804427291,6.08504162956225,0
GSM2370978,5.35134970805386,6.33155974067644,6.08830933569534,3.96535787049145,9.00407169637895,4.79143686748062,1.25285638373275,8.125158204,-4.227797283,-4.227797283,3.35326436627176,1.31558126572096,3.72079586014376,4.75794972855364,4.08721305578383,5.82819282064427,4.56490449108259,-4.227797283,4.0508033312855,5.3882961654616,0.715314990654906,4.14879935678169,4.9530602152142,8.94329851910722,5.47328844963045,4.0508033312855,2.63121075349885,2.72662402808148,6.13688178458366,8.12625218934905,8.35763816523553,5.09392092232464,4.2161077268743,0.805490321220795,5.28236382845571,3.46816189947028,5.11170453512094,5.31726906937519,0
GSM2370979,6.09276380320423,7.2672584943375,6.59708226715646,4.83859523369323,8.92703567814257,3.39147172055489,-1.158674241,8.57391234438684,1.5541673976819,-0.355172092,4.18608868690904,0.732862013013774,4.30825632521051,4.11205753149887,5.62386036603905,6.3240410175015,6.00753497952658,-1.614743102,4.75512079161488,4.91895098318757,2.21295970319927,4.17885419858352,5.88767025555699,9.52905582097739,5.97866304701517,4.76159203891684,4.0340210476639,3.71193157564121,5.70500191840891,8.55401240155793,7.38536228305046,5.92057222476073,5.01686868031938,0.035030019372163,5.26705256012672,3.69850351844977,5.03032978649808,5.67617687482435,0
GSM2370980,6.48099130540219,7.38546165494288,7.06115478170579,4.94888699692781,9.91240516447071,4.05181972728665,-1.426408677,7.7898615521872,-0.619480866,0.123132061257366,4.38456031684135,1.87908256799056,5.01436453556815,4.10955699665597,5.66912874383939,5.97622117888941,8.44268505363733,0.648119250104712,5.07529528813542,4.4596143488715,1.7821556940603,3.70043318013002,5.51427910568184,10.4498926288695,5.4032316764365,4.6013052405349,4.73464005850937,3.82325752582408,6.00782406301586,8.61733110432291,7.01568894735166,4.75180652221296,5.12883745438935,-1.426408677,5.18362953236077,4.22776167183907,4.88419323868575,5.56371925147736,0
GSM2370981,5.31002349653371,6.81329212879602,6.27324365566477,1.95019298397177,8.32210995247968,6.19683279068652,1.41260217496865,7.71185540241505,0.690224487500691,0.690224487500691,3.01969354041917,0.8420292329154,4.08618771230425,4.55658590293813,5.48910823763922,5.73269408116202,3.57850649897741,-1.818278344,5.68830184247608,5.65792951390328,2.92570020328135,4.76228672059605,6.11561540628869,7.87823477982486,6.00620460067418,4.90089153597554,3.42893345146641,5.09259659873835,5.85567336346437,7.41380063460766,7.31669092699102,4.57373160279435,5.68901725681959,0.298526726613031,4.75820202616022,2.86114748055913,3.88360419824042,5.12150313843684,0
GSM2370982,5.89894643646726,7.22641040770393,7.01446871443374,4.07201300276183,10.1555332398447,3.52063295184572,-2.159278521,8.42937180449233,0.0278918791208939,-1.832896168,4.18450999935433,-0.142645493,4.74225319572128,4.76051774893751,5.41924587090642,6.66289821451401,5.02257422627762,-4.227797283,4.97904214508781,5.73158508582255,2.58994781413013,3.92322332088589,5.69881072685646,9.54595409995301,6.1035752218421,4.93950938279716,2.7447547507422,3.48446224528037,5.73466796930156,8.96678995647497,7.85258417775142,5.19587562675967,4.35045177225741,0.250983834320834,5.26999486254225,4.2332784378667,5.21586897676218,6.29324538711377,0
GSM2370983,5.98242453446039,7.40675117216429,6.62757315438189,4.765991925,9.61737701889438,4.87477057983103,1.14417663255852,7.86364664756927,-0.562703338,-1.453234516,4.22182023014971,0.982821372617378,4.87604780546777,3.48224550872792,6.37323706088806,4.82934003322952,4.77697291904854,-4.227797283,4.75214709240597,4.63028592053094,2.01977213736025,3.78114276314635,5.48796935027364,8.49355776696849,5.73038351366168,5.39213155532483,2.90406672796182,3.75083025704583,5.91194785698405,8.51369945430344,6.21519407638233,5.00423022965559,5.29042963856512,-1.261280597,5.72614040189987,2.65305622869679,4.61812472580985,5.91443627767968,0
GSM2370984,3.41040714306665,6.97944211512479,6.58002938217354,2.30335403723623,7.19508605620673,4.56394740715347,-4.227797283,7.55798444223974,-4.227797283,2.41763081756957,0.349408634837771,-4.227797283,4.06486755862261,4.26131694948728,3.83738706459559,5.88392097773631,4.77161825240832,-4.227797283,4.09952342968572,5.34845471287103,1.53684593111922,3.7957253086671,5.36279129399132,8.27660290677254,5.98932216204023,4.9905336880743,-4.227797283,3.56719907484718,4.65995268551846,6.82750681807415,8.19882450227915,4.83469126360061,3.56719907484718,2.41763081756957,4.63654364226772,2.52351627980249,3.29553328191666,5.16428783034744,0
GSM2370985,5.00616571709579,6.80808500572792,6.20168492189157,3.91749807088568,7.62427864978664,5.28432019801726,1.61580978217239,7.57079019795245,-0.210646234,-4.227797283,2.03817834333908,1.37936230612678,4.43275409005317,4.49336109342556,5.57112622378344,5.29287052037938,3.91749807088568,-4.227797283,4.4404706732511,6.06360480242024,1.66932678016803,4.64130715550275,4.78763387183701,8.15708193771937,5.69241528917231,4.81757124915521,4.98521579678701,4.47844636160734,5.72752990374313,6.89769879074783,7.56638894512873,3.65105538173608,4.42499601090146,1.50242464026665,4.7570620756638,5.1821668010711,4.51544801033864,3.72873526836898,0
GSM2370986,4.34335704288297,6.16993936043523,6.32823916320287,4.32700595426394,7.80303549935884,3.9214381522139,-4.227797283,7.91598305670687,-4.227797283,2.50033610104994,2.17451357626885,1.07879948648212,3.68530611859532,5.09337901901429,4.85190206076217,6.6425620706305,6.25234210778078,-4.227797283,4.17085536458018,4.7995333901752,2.94805484012504,4.39132696015755,5.8275061923545,8.07925239341485,6.58184118640907,4.60981987480715,3.79636917019273,3.78444271040034,5.79518157100877,7.85670402765597,8.56215504495224,4.7574459429302,4.78164604283865,1.42449009640489,5.46988148093826,3.59259568558532,3.98534752862044,5.61162122768424,0
GSM2370987,5.87234184718937,7.95032648195744,7.15766220569615,4.16652989633024,8.74425541035168,4.11120292131241,-4.227797283,8.42180385420145,-0.297856463,-1.704939472,4.089895767,-1.704939472,4.58219155607982,3.48559986474606,5.80855483934637,4.74552753708987,4.79464424667435,-2.859085871,3.94711068219317,5.52874128125248,-1.354064325,3.52846639548707,5.20458919817524,8.80517484745713,4.39218320137013,3.7797822201486,5.78885551046044,3.18427791730713,4.9951523285129,6.90663242334476,6.95555448256273,4.49842185694702,4.15289579464557,-2.859085871,5.51014726365069,6.2394657750382,5.44171252243228,4.94065046348154,0
GSM2370988,5.65111555555648,6.04382514136067,5.72060877830938,4.74297310338482,9.70557613302559,2.46431955642691,-1.356835556,7.67618588122263,1.44669455649438,1.74493992081083,3.60165109810977,2.08495816434307,3.26477931305657,4.83224951421718,5.40938047178836,6.83874280393997,5.34418045281989,-2.171989648,5.68931288990519,4.28769448477246,3.39595572939025,4.67117029330759,6.25229514802159,9.19290727899495,6.25183942340604,4.8790352907586,1.81571570555774,4.0978963473435,5.65180659521132,9.00983000096028,7.88749197088622,4.89079118484335,4.12601929197838,0.628628785279547,4.34522049665594,2.49545133622729,3.19442915095203,5.830897435,0
GSM2370989,4.91182736626542,6.65986675357277,6.33204998659436,4.64386163003415,8.59146767075456,4.0315528334595,2.24210908530544,7.99141753096267,1.45758550169788,-4.227797283,2.28469903183164,-1.569793544,4.25148422632939,4.43284374567328,4.27279842648688,5.74502561417943,5.59233457480791,-4.227797283,4.84935622620296,4.76161694081005,3.09726285986577,4.17430252370063,5.84802009177545,7.85851721178692,6.30385525905811,5.17216858654789,2.58654052453932,4.04400318843919,6.06819118566377,7.46371308801353,8.30247655063287,4.16293160701139,4.36499741632912,0.810882364127752,4.98468063462647,3.35879693751539,4.81344437781848,5.91054787907474,0
GSM2370990,5.34058982846212,7.33782795509874,6.77728894949819,4.07380732817844,8.62017016547825,4.87552297034737,-4.227797283,7.76356675949354,-0.458330895,-0.316945962,3.17730030070796,0.140812674306284,4.56890133983735,4.68272645220864,5.28066322100206,6.00453956554824,5.71455094272713,-1.845857476,5.04883559305427,5.20939921292701,2.29996183669744,4.00813303942803,5.44603448415546,8.69015760237311,5.64495532694531,4.55517053259525,4.89382167376345,4.38967207056118,5.47062456422452,8.0274539964589,7.4923208910886,5.07151932366661,4.36364987136991,-2.298670073,4.99899227059189,5.27229509403618,4.34780823325523,5.09385190826846,0
GSM2370991,5.40746897748219,6.91567832016791,6.54982439970871,4.20497596232287,9.36271065261547,3.97000299018723,-1.353248339,7.94178174301302,-0.750899458,-0.20978865,3.80535065102259,0.182812819067005,3.96376536259091,4.94555570095076,5.07272383130208,6.72231629679294,5.3392369927996,-0.327246716,4.93921123780958,5.47261914888462,2.58564798789637,4.02496027644821,5.61275828009324,8.91196372472127,6.14784139090491,5.24207248293724,3.50384003053611,3.02968238563012,6.28799492218955,8.79100533851714,7.89214408460937,5.55583900295322,4.39776024268614,-0.750899458,5.24978346990405,4.2466768472711,4.64389221532685,6.03337136894206,0
GSM2370992,6.79320449804912,8.10352450650238,6.93508203190902,4.31700300161325,9.45787357047509,4.40663688855418,-1.842512382,8.88536197092303,-0.530764809,-2.959867878,4.6178782889708,-1.220460998,5.04969713873173,2.50842561708614,6.49448100655509,4.80404509715975,4.5911370263718,-3.45880552,3.4380397123242,4.74056915506652,0.921943521249392,3.4380397123242,5.84383643685291,8.83068673946031,4.47892129208322,3.75954727668416,3.62541030903119,2.03974738803406,5.30413460560636,7.89978265263351,6.58761219562018,6.57572607769155,5.1750342812384,-1.220460998,5.83626530516181,4.27841272342883,5.01825815210736,5.37246947035516,0
GSM2370993,7.267341596,8.12724622027103,7.416684551,3.75538943485702,9.87629088415599,4.02167165266749,-1.381744183,8.63705316567646,-1.21440023,-4.227797283,4.64506299381214,-0.07380893,5.22263087093851,3.02221990120803,6.56577736274992,4.89207462474049,5.69962857862989,-2.758610033,3.7902591962919,4.96146654368078,0.729522981617892,3.31685168940918,4.70633530969736,10.4349051364959,4.49007258905755,3.87623585226013,5.16116140896557,1.84526678158081,5.55649739586646,7.99657284090446,6.08081933719101,5.97437847158495,4.88748100742743,-4.227797283,5.87229789199317,4.91708135742307,5.92255792979821,5.54924496572606,0
GSM2370994,6.77556781416825,7.74783896931716,7.06895810902544,3.09050862517009,9.28203223981397,4.67374902961517,0.0631160799435527,8.11979612820643,-0.768139372,-4.227797283,4.1493514611587,-2.280080314,4.5802659729249,3.67676264911294,6.18290280516378,4.83661651182784,5.52948412288501,-4.227797283,4.14313829138671,5.48596060101105,-0.293452582,3.73575961009404,5.36036274089556,9.80969213959324,4.44032288024961,3.33904805689721,5.13470821890239,2.34663705353524,5.1062455272005,6.29783244685368,6.8239518058219,4.87461437588223,4.47041147127463,-1.480351504,5.22572191548745,5.89564904564728,5.15954542223222,4.74932208092123,0
GSM2370995,5.27250285743806,6.44164609695686,5.77344103162227,3.76731182885882,8.4914054552806,6.33873066588349,1.48409163030129,7.61223550181507,0.358008085785204,0.576013875936465,3.19755612197964,1.44308078137615,3.92951190387689,4.26765880333417,5.45461863530649,5.62473064554052,3.45987646541462,-2.250348562,5.67651449898955,5.25384971020583,2.94683299376525,4.88676739091722,6.04757118980383,7.915895182,6.0869294337724,5.04131169879506,2.21813101381767,4.66989584107673,5.63083070891201,8.39120395108418,6.99561986513114,4.26765880333417,4.90449981932649,-0.611653375,4.71653047904408,1.54995415471388,3.1726844718853,5.34014713350174,0
GSM2370996,5.77646455620009,6.71606765997519,6.12354499981003,4.8843127088486,9.11235184557528,5.38963061803671,1.82146898310135,7.74634887895306,-0.05043803,-0.462810266,3.51510230708764,1.32314013382955,4.11989886424778,4.06508504149944,5.6871927735007,5.62258029924223,4.57703427581995,-3.302077881,5.27712617722664,4.98070027864704,2.85429717333743,4.50106370591272,5.90050856506974,8.34670171222361,6.15984454606666,4.96968916147284,2.19115730750136,4.06301435485205,5.63378454032789,8.62928162357691,7.27250337312226,4.84869534086274,5.22622009925104,-0.723716001,5.12067243911035,2.22858862018136,3.92161468247953,5.84133033389213,0
GSM2370997,6.31170568786647,7.02560708022308,6.54783126130567,5.39683367682685,9.77325199035341,2.90959357370902,-2.966031776,7.85166605293517,-0.076045556,-0.415609833,4.35724739193565,1.06531546092988,4.50834936363959,3.97003363208058,5.78237407640052,5.96863737284666,6.04234728031711,-3.277756927,4.93275757234118,4.65511760855286,2.66567083570666,4.16863442677395,5.89216648284675,9.61708427142199,6.10310925619189,4.85430769983896,1.30197509962611,3.02428232849243,5.8745401497686,9.3969831541312,7.83934277879473,5.32883300508149,5.19321590859325,0.10164907520439,5.5082342050054,1.62638613597393,4.0327551545537,5.84675533301199,0
GSM2371036,5.50106007570764,6.47420431236807,6.31753694163794,3.52153951058945,7.67592693092199,6.36716216326493,3.18099178162047,7.81412063592957,1.63708636818768,0.985944650313828,2.83634126172818,1.42732680118064,3.96181232408605,4.73650342504531,5.18957505376163,6.21026442954988,3.68948130537586,-2.116607825,6.08451415493883,5.12784737693834,3.45315379128712,4.91447688477643,6.07979700890936,8.93315600445502,6.31070885677743,4.90703979918597,1.40336306627567,6.75312279049916,5.77704310640109,8.08813260121862,7.48523202331537,4.32601804244928,4.60347772041629,-0.310173369,4.13914534624402,1.43916103524641,3.64163129002587,5.84755983400502,1
GSM2371037,6.18156491245662,5.99260044577724,6.35433759345461,7.87875486450914,8.2043355363619,3.20755480543468,-1.228627195,7.87814446762001,3.89606821371987,3.00775311770845,3.88638800351038,3.24969210847356,3.99171633398797,4.85429199189103,5.23886109764946,6.66824295966136,7.40561180702762,-1.726078023,6.32059030072914,5.37661147274754,3.19975947436116,4.66486110727924,7.05923624437387,8.56114114532337,6.57978995277469,5.55370753533918,1.91150097596078,2.44085727902469,6.14092496717186,7.59748514677175,7.98135748961495,5.03929083327717,5.51732169586162,2.2197255725624,4.57280303722742,2.65553453212904,4.57129338010584,8.14582298170181,1
GSM2371038,5.37229893128524,6.06380641987863,6.01614836798965,5.16121279845446,9.21939819063473,1.86032250330523,-1.048176929,7.69210743645883,2.79894999977579,-0.280656102,4.00351097767666,0.450629954444307,3.05228474857481,4.90407403948966,4.98469504224465,7.08577010420711,5.41043357082015,-2.585681097,5.8190517243037,4.70178932256627,3.15853678496217,4.54270578144005,7.00897423317217,7.21077270402331,6.76109540424075,4.92142531950517,1.83307654934552,3.30784587537935,5.35643937788371,8.41259214581872,8.30866302243462,4.91710702435148,3.98712485182445,1.34712563874084,4.44110205344288,1.4463555794576,2.70187888977335,7.22241297120896,1
GSM2371039,6.40744955961432,6.29743379405325,6.34412332974889,6.10283190243886,8.10285561351826,4.17166617214612,-2.362277159,6.75054509500242,4.9565749957396,2.96181916317966,5.0279906390109,3.76804887016395,4.43587076861792,4.49575055402196,5.69996492548795,7.22890778037527,6.95197606229145,1.73226260480313,6.51635429944134,5.01650556019371,2.635823486,4.34863025689036,6.76278264768207,9.74763184137381,6.25408096908736,5.8492717564788,3.28438356930199,2.12343847662743,7.11945475348147,8.43616081790949,7.88246264293181,5.33585906445899,5.38864841172093,0.683123435871877,4.98792108846706,2.95745752453571,4.33692501802454,9.69116556273429,1
GSM2371040,5.02603156599312,6.46963650717973,5.70864761383421,3.78050557529347,9.26179902073813,5.34167335739602,2.00961404380653,7.53724956207105,-0.589312935,0.167519226862887,3.37266584928215,0.830318021885545,3.65610872240838,4.92390045492563,5.13849822417177,6.12662649230802,3.65360814391938,-4.227797283,5.60956118913993,4.8004851198734,3.12080539172313,4.74753390162009,6.27919544390705,7.87883273004112,6.55149744240905,5.23699362252815,2.81547760549334,4.36283393933712,5.53204042648803,8.79831696211065,7.00575065704503,4.3240471705445,4.59689087252685,0.916274759551584,4.5492573322596,2.09318619086686,3.48663481952926,5.58942368943638,1
GSM2371041,5.79614802417793,6.12269534323528,5.55587362437477,5.65054324631313,8.88702285597308,4.7248970834286,-0.586553863,7.08898872281813,3.21611752455589,2.01257404071887,3.93218334659916,2.893288749,3.39827804155885,4.96309806400657,4.80611393662634,7.91346371101986,4.61799163396276,0.325350662572255,6.73209430679151,4.44451793186432,3.04821743684265,4.71651815650149,6.79280061451918,9.74936836038809,6.63947185207183,5.62166751870841,2.63331506293836,2.59116163967869,6.26881594049793,8.65176713912155,7.5408700037371,5.48117626375274,4.20998037600147,1.55459405838496,4.59836469792285,2.19251156653839,3.53797344617033,8.53680169469898,1
GSM2371042,4.92186842482655,5.79436406304545,5.75307991688599,2.79425198792615,7.89384183908091,5.77671384107596,4.10837613150555,7.89580536272417,1.75427645314078,1.67111959355234,2.74281910065427,1.56981596617922,3.2149245881342,4.70758475618018,5.13856439179879,5.98657250886625,2.71343256260081,-2.40859958,6.0478968628847,4.67898511510253,3.42166780573643,4.74727515709501,6.42899014789611,7.12637106641874,6.0437706253712,4.78731377689531,3.49603590638818,4.65908507591186,5.4316891615773,7.03875103406599,7.44852339898548,4.67441710142226,4.21497243414761,2.64659463090309,4.03425400106957,3.08327143959282,2.83302495443438,5.07181745898197,1
GSM2371043,4.98865580055272,5.90155745148314,6.0267999991046,3.96117736307432,8.21089074437597,5.68965661861051,3.28190375104664,8.03274621774751,1.37592870171231,0.511558520704754,2.73704062759348,1.61718199475393,3.18887721355228,4.73079921745877,4.99985633183238,6.21112267293536,4.74297010511888,-2.408562634,5.93004812,5.24033807039497,3.16012102969907,4.94612510207574,6.4421644232014,7.1091781157311,6.42753430006531,4.92170575643105,1.80536037692024,4.96910222154752,5.49254669451803,8.32022636746894,7.99901831815899,4.0422065549223,4.77057952096843,0.958273420046346,4.10201614725836,1.46090867604893,2.79430314713616,5.84734711645419,1
GSM2371044,5.12829204350851,5.38768853095528,5.79592415361458,6.06943848199738,8.27730263349759,4.46341776519162,-0.862219456,7.7453576141692,3.58195368090036,2.21833624701393,3.33262917081174,2.90357660526567,3.16211302108493,4.91868154827123,4.98904776087527,7.52759157787708,6.39641764667756,0.477568099155949,6.74150030935001,4.78379955731647,3.27263599162041,4.68187617790093,6.57794815578961,8.66070057179582,6.39900446595668,5.68219709331372,2.11423619316826,3.18284814973427,5.96057584030261,8.01116108174068,7.9412576110679,5.34922386136079,4.33190031074468,1.54882741663393,4.12067415142059,2.7545643997333,3.25642471561246,8.58790893732299,1
GSM2371045,5.49464857505454,5.71924019131048,6.04380290259356,5.4450305157319,8.81931555075491,2.90452455901452,-0.366966496,8.42148407584227,1.59538822871999,2.32212514078666,3.08358312124358,2.06062640158596,3.33366787439206,4.81417655764472,5.02199894664395,6.90679748683525,5.7983216922679,-4.227797283,6.04614020163461,4.89937921352116,3.07902477823705,4.58743388462381,6.7578990036622,7.49165326185289,6.41505435795083,5.16219905954537,1.84130693755004,4.04203999492198,5.58422414737002,8.86065249615221,8.34950160224677,5.5209341435963,4.33176131496122,1.0419705059498,4.18888234390483,1.44762877226195,2.95515138515483,6.4503364313524,1
GSM2371046,5.23995518062666,5.8119106423823,5.85110622306206,5.5297916743147,8.75549363282678,4.60906373324308,2.23107825507121,7.95094550174089,0.437101324113472,-0.507118821,3.02643293469396,0.867703379233568,3.09239526761521,4.85802753889056,5.15534537812581,6.25215281023953,5.2408109324473,-2.411911973,5.88324896287636,4.77066091820106,3.15909905520956,4.50605666685503,6.26777074711821,7.32711873648414,6.33703248649027,5.07605032656124,2.54002153833866,3.31023991109042,5.50792026982241,8.31544971553013,8.00735111967329,4.96960570931907,4.39666221538026,0.4130077564193,4.22046142721911,2.04763700787554,3.15183800925044,5.63443540436592,1
GSM2371047,4.82490205121406,5.9474051769214,5.86883782561188,5.19732633575233,9.51903629629687,4.57600820642146,0.691985052414309,7.60119800133523,1.44035697431244,1.29006359719117,3.40900824810448,2.04598938534664,3.14808508333796,4.97576332147605,5.16628246886629,7.23368077827013,4.83110087342699,-0.645725583,6.25555089121236,4.54315672353522,3.11595126292375,4.5310227968729,6.30493380807209,7.89354784673799,6.73004783726476,5.37329721903892,2.54551066204627,4.32683998324341,5.62664451754596,9.27294211128891,7.81190591494059,4.30740794467772,4.08477439587962,1.29006359719117,4.54617432611884,2.03743684279105,2.60460058589576,6.58169587381884,1
GSM2371048,5.94226644879281,6.62806598316968,6.07484404220882,5.21775583881818,9.33239595199995,4.87048897831785,-1.443704874,7.64476811009007,3.13750709857807,0.993675665749508,4.39435089241209,2.68188825985691,3.89740765555632,3.98590840788997,5.29677120330896,5.80304384588048,4.75630680890777,-2.248131386,5.66689560715398,4.35980621485171,2.47999358057484,4.44899574866787,6.22583578692218,9.4540583840662,6.04196440225023,5.39431672935875,1.86436213917609,3.26873743364908,6.17706609271231,9.06977217234104,6.80167698280301,5.00716591328653,4.88462638123572,0.269780629764527,4.59683480892267,2.39635102752829,4.2725777387534,7.6261476216757,1
GSM2371049,4.72605867392452,5.38881997070508,6.20048423773674,6.03629687467477,9.55783597993454,3.40907522459009,-1.780282367,7.62348463047303,2.21274496177166,1.2556191184896,2.67009109955534,2.04908687900779,3.13512029802307,5.22423148558768,5.00676196991381,6.7839662729025,6.02245210210413,-3.371842809,6.27445366927144,4.85340785044246,3.25101538335175,4.7939508602598,6.35551715146247,7.51940652107151,6.75134200518101,5.65328394830277,2.09360217433324,3.2608081495672,5.95015395153711,8.63823608232429,8.4914796821188,4.26004463171785,4.14666386114929,1.43930807851436,3.99063907463891,1.39256539553905,1.97169927785863,6.69587491980059,1
GSM2371050,5.29184500599066,5.62336895162786,5.79381886504572,5.37053040829035,9.30357944151905,3.99549192264944,0.142222915627133,7.76233198133618,2.75203625549018,0.638874584866697,3.4097044708212,2.1522662317437,3.01316445059189,4.90041623008163,4.96578748055303,7.12135874043688,4.95916066471072,-2.181452723,6.2802675628016,4.37819778010786,3.25237604306407,4.71749545698963,6.51336516280472,9.03401533465555,6.55167824265448,5.28656116417281,1.38258268429899,3.1474708476303,5.70154660792677,8.78450509362368,7.92631942410389,4.97457614912313,3.85501374281392,0.955325433816374,4.24833031395865,2.06443344651402,2.92523127968472,7.52159019601668,1
GSM2371051,5.43359735771825,6.13387152001975,5.7038766627103,6.07939737154663,7.95572882752321,4.30111830708805,-1.037851366,7.06954183910953,4.44210956464193,2.30436871487736,3.92905367742057,3.4456474186636,3.10623890256453,4.95100362659508,5.08484363742589,7.6860543074227,5.87070001378058,-0.420315802,6.79989942773152,4.78542874642792,3.14918709815445,4.58277645534851,6.98184308847204,8.39224370625179,6.72222643223327,5.33577346635456,2.29589948543764,2.98503711710859,6.14570255107472,8.48153950371655,7.40470943727115,4.60865211717133,4.57229482979498,0.583976438245536,4.19580473516497,2.00515781968586,3.09651870691903,9.80923163666279,1
GSM2371052,5.11456597273422,5.8385320825437,5.84501456443271,6.28132664756897,8.75276727104804,4.00811965908522,-0.240763497,7.45604560806709,2.92713666691039,2.78914138338214,3.20035458358776,3.07360478323713,3.08038290670924,5.01371436805609,4.93081953198426,7.53418790822341,5.93517641899727,-1.152534703,6.54474754222806,4.5801726339296,3.12039620895069,4.61793264470041,6.79832169365327,8.87292522971361,6.63383672874436,5.41391589077999,1.98496577248842,2.67734605085594,5.99827624933928,8.75594608068322,8.03176569592196,4.91668636412094,3.94081013684433,1.0394962474801,4.15018992493979,1.93348600676858,3.15291324643007,6.85895447780123,1
GSM2371053,5.75498195949604,5.8777101503056,6.25667719712624,6.13604968294256,8.64854004328829,3.82486586928606,-1.285551842,8.0688354410017,2.74886267454366,2.33604617335653,3.22895536231503,2.71985240666386,3.75508867088471,5.05096033329963,5.11363855205667,7.98762316407301,6.19828125617252,-2.109094301,6.64502223594919,4.99857893618318,3.19422284165796,4.7257267202706,6.82010368693989,8.63759426004376,6.55959532123011,5.89186825051579,1.78382427418226,3.19773396407992,5.95079677034695,7.76977448412493,8.4760208498986,5.92930970590267,4.91679114608717,0.929406921151794,4.65085500538621,2.18148687644061,4.20229785720894,6.67367085916683,1
GSM2371054,5.3206444645836,5.48634494826346,5.93507705702878,6.42685597011314,8.54998088444813,4.55737673339726,-2.647702311,7.24376853371576,3.91771284398959,3.72955424507481,4.00618763849267,3.82777830329312,3.62166361179606,5.05906813915123,5.08638388381826,7.58722909661708,5.9529957948799,-1.697789297,6.72707195446404,4.82398300031454,3.07782428121833,4.55216144172097,6.89945317794448,8.5661600400776,6.57691614498435,5.88617631105704,1.42610550639458,2.5953163732878,6.48480173903641,8.09160703564798,8.28526963449535,4.58955198986518,4.48121770889846,1.66709133370386,4.32027076337442,2.80715739447084,3.53707835485379,8.74120966972641,1
GSM2371055,6.69325271467795,7.29740261362409,6.34772732384033,3.01083513166406,8.54045628975365,2.15568808459348,1.27481782935293,8.38218418954188,-0.379380539,1.68599614189349,3.52697402412509,2.79330987671876,3.14702190454379,4.87428535867414,5.60992954845603,8.73467387149748,3.16040342901846,-1.189072911,5.6317102694634,4.25711923089904,3.9608797709037,4.70502672482328,7.01848061652188,11.0954224423931,5.89648637903033,5.1223682200785,2.95561804405973,2.36280436814467,5.31017036838195,8.79606300206751,7.9000107618613,7.0544633849658,3.34361645499679,1.86011008772794,5.20432761145204,3.6203116207241,4.58611343425463,6.89350463740704,1
GSM2371056,5.45790698305963,6.26513302400583,5.84780137327643,5.40620292126064,8.5921391223553,3.60749748211578,-0.831918322,7.2034158956641,1.20668186305265,2.04287413712513,3.27336129309793,2.64217433169031,3.26343250514392,4.82852208868234,5.13750436,7.71564499534125,6.2663763999763,1.81714285749582,6.31364984789922,4.26108187853062,3.21273698054656,4.48693569645607,6.44280406623015,9.17532621156732,6.29305638077473,5.30335531699629,4.17366211973579,2.63705683409495,5.81362217425731,8.44122287578147,7.7750882972988,5.10265970929864,3.67646400143559,1.61335502260103,4.57787333484184,3.5703955214721,2.99401727097802,6.85954389288773,1
GSM2371057,6.08530035229767,5.61825412244351,5.71731569578148,5.5443360405742,7.3943271385489,5.26402602951635,-0.486225277,7.55665891542519,4.59750192670101,2.00593439088535,4.90371368455228,3.33442173058359,3.32539630660198,4.40958770954459,5.15362723899609,6.90254196892135,4.22293803453524,-0.486225277,6.95175879964184,4.42445667556593,3.31631406440639,4.82585406912565,6.739272164,9.09604705144602,6.10587084675207,5.42688818215659,2.23525534020907,2.69373121356578,6.20207779510207,6.95029178759157,7.33598063388434,4.7737241953777,4.61427337420348,1.91259662921021,4.7687390477145,3.25108520561879,3.320862332,9.21878569752072,1
GSM2371058,4.35472632252058,5.6424752425198,5.59758105592407,3.79455693293269,8.33489592396948,3.16495926683172,-0.495542614,7.10283918765983,0.548330567623253,2.06462814114908,3.05960535844553,2.18512549297973,2.52055892790863,5.06423166954319,4.38019538899417,7.98449952877497,4.10268071848985,3.99469755118035,6.33550265018861,4.05919137811552,4.17625314539878,4.52727614,5.98111769071619,8.93779402568165,6.69104445378046,4.9177116513322,2.90442120284158,4.10878783055764,5.17509249660947,8.82886636344546,8.64743265041994,4.44599338961304,2.28917700845818,3.31336403085296,4.43954699825617,3.87319779326064,2.45175587525123,6.61227281998049,1
GSM2371059,5.64901116810663,5.89972216230075,5.98759956475032,6.57076169107237,7.72580732175082,5.13575640969622,-1.327600542,7.44092060792263,4.55141683743605,3.40764969250827,3.41700127516942,3.91408133682251,3.84878173140661,4.90045578861289,4.97621543547325,7.27748269115314,6.06300328454505,1.33044006768839,7.26545357560603,4.87805880772016,3.10615404755034,4.61509664868714,6.82607611007469,9.5841303609137,6.53398800549831,5.9797326455876,2.49065405416838,2.04441867217532,6.31804673134728,7.15032360078496,8.00708633458313,5.02799283782651,4.75071284637078,1.80898777186355,4.71956053013024,3.11000308327843,4.30339734569807,7.02774862814414,1
GSM2371060,5.83216498486928,6.21422853166792,5.79472584546429,5.98548638988542,8.14717905212752,4.20756146445243,0.0486592614361887,7.29925332148407,3.01226555637456,3.01653729085805,3.59832460606821,3.31937495155528,3.50411867531162,4.78613876644562,5.03065872413359,8.02223723830402,6.86622395265428,3.5431346495344,6.59024569218976,4.645658634,3.18160541334624,4.3548431875611,6.49511037851038,10.5390272225809,6.33244853249508,5.48290223093252,3.91898066747534,2.18627993733174,5.7903667403049,8.12348699226883,7.79088238468005,5.3714220091186,3.70539639182305,2.48028747668983,4.51286763879391,3.48882702276605,3.59832460606821,6.26358389168711,1
GSM2371061,4.87346568374547,6.59092583217934,5.80761659408972,5.00097824628257,8.77814314600081,3.8458024758697,0.669733926971474,7.52456153010375,2.58095951607083,1.63402848493013,3.7391108407061,2.62728035049016,3.08693929065526,5.21515051047941,4.65470929168246,8.67355899026129,6.22827091903153,2.51473803224805,6.53317585463038,4.45248555666649,3.27325847164906,4.61646884586741,6.55617989575123,9.28855179363175,7.06979644628113,5.42062964618931,2.0541979801783,3.60086547165222,5.49277193228126,9.65951470482443,8.04732260977566,5.83624506466312,3.5715525368495,2.97944613327457,4.53528830505144,1.90237105286434,3.07026956118366,7.43279233857488,1
GSM2371062,5.74181364673433,5.82504184614897,5.9139041424565,5.7601016594275,8.08977065284755,4.58457871601758,0.184234658984321,7.26219869269471,2.66415700125757,2.12472609602431,3.47777333210066,2.60955820961866,3.6714593412472,4.50455129746961,5.21812756337332,7.07816425421089,5.4440000790835,1.99442108257962,5.97618999361934,5.13455227576867,2.45090397323811,4.47431348178993,6.72705702674432,9.58951166694305,6.27700394684152,5.27449115097483,3.06402293750321,3.91604397386837,5.84290261000052,7.1552369830127,8.24189506731532,5.19606289848377,4.73753446489675,2.05288266849887,4.61122418425439,2.78733420263909,3.34370040288792,6.41234531870003,1
GSM2371063,6.04513047657224,6.31476265234017,6.06280067827796,5.42574692507323,8.11463111591932,4.40225020858237,-0.134294427,7.56189918343257,2.70474868239846,2.29040323230048,3.60546556837372,2.94618599627308,3.61844124314196,4.69586346224859,5.21211533031214,7.57660120881766,5.07199240890388,1.34405013047194,6.53296790261956,4.43782190156808,3.0184509153817,4.34094274125488,6.60742367718454,9.73692770551184,6.33022480645221,5.61243500784066,4.14682663274338,2.29687485535592,5.74731671560095,7.82125063973194,7.6323570646499,5.47508886272309,4.38716585125618,1.5092084411279,5.16690315995201,4.15753410957974,4.25215103835357,6.24033040230777,1
GSM2371064,5.99881351499399,6.0713792398295,6.02096902736248,6.56531956172375,7.76615750550164,4.16736239208291,-0.208614094,7.55579743352996,4.77114722069245,2.52675123278565,3.03985626842844,3.19980388185675,3.31095226545931,4.66692149361907,4.68411193007162,7.49276421286643,5.92602074995947,1.9293582659487,6.85313110026685,4.86709409214255,3.38990514080737,4.62895761327496,6.98786549409559,9.61869382553025,6.41598143560952,5.63478752036384,2.70575068889682,2.9479640309668,5.61699549474234,8.10696062823143,8.16525346683551,5.332635402,4.42082211582276,2.75538896231545,4.76308071602683,3.22351324029241,4.08993740376357,6.32347506901576,1
GSM2371065,6.33930435256742,6.70105979616516,6.2146614731823,6.4146476202613,7.90358360390577,4.38682331609922,-0.436788719,7.59611673843823,3.41645683974876,1.90571614127408,3.41645683974876,2.17265098592483,3.43181016034432,4.36032200619534,5.11229242903428,7.40968018095578,5.11387972424025,2.25551815023627,6.38076777250664,4.44094023070992,2.50815795357389,4.43587281793904,6.45590834558482,10.8774287181698,6.04865166800826,5.5275674902771,3.15794469734431,2.31192395639963,5.66383607309722,8.22163378091697,7.06540031588611,5.71493281047916,4.62362312670489,2.14807330267098,5.09310740631082,3.51585474782456,4.07105407709098,6.29870892225705,1
GSM2371066,5.43660753165894,6.08643283093235,5.85702132859091,5.87308372673332,8.31610018792607,4.29326162095465,-1.164425798,7.55735877088039,3.93091602698348,2.90996778063161,3.40693778635402,3.19193020074034,3.41850485006232,4.64007369499888,5.13601313180391,7.54395552168979,5.88813752560683,0.470277628660621,6.87347768339999,4.63413310613065,3.16745988980154,4.48368631629667,6.80506342674868,10.1611280999158,6.30316199159508,5.57689446299824,3.01427577969006,2.0418365718412,5.74388446177284,8.38669885874924,7.70811712739002,5.33039777203901,4.3810108329648,1.60494603220747,4.66941516340972,3.41157574667812,4.17685480283562,6.47502263968306,1
GSM2371067,5.85709758152457,5.99213836270099,5.73763075851249,4.42703695436651,7.75440270322768,3.19731389085833,-0.539626116,8.57208886044026,0.526110584950781,1.36074659253683,3.06985638325007,1.66868903376306,3.12141915388065,4.61864314026196,5.12354838929662,6.44083681384899,3.87269744735315,-2.050536862,6.00010681142927,4.50377203411543,3.32460858897989,4.72887976028979,6.58095408694317,7.9679908830066,6.32295949251376,4.74287709510981,2.19831471314025,3.96678003061467,5.1332421925901,8.54010927508728,8.09097728994865,6.40567408849559,4.0652641609137,1.49912504729916,4.71216044034451,2.89855314205813,4.29162372951782,6.08397302532567,1
GSM2371068,5.14058693595996,6.53031397222529,5.83325026879663,5.13357715594806,9.42489124873366,3.78712650761922,-1.338864464,7.56772317389222,2.11365999445302,1.37498368584967,3.9578496772298,2.23838657650758,3.35942802119403,4.91972296427442,4.77664191633986,7.68178255181611,5.1819450852373,2.74355306928887,6.22111880751504,4.30487288110851,3.45892134016526,4.49032723631735,6.85131267540666,9.41124081537624,6.88926320464429,5.26585264802265,0.933367623845279,3.25625442019803,5.49253224659258,9.59665967107081,7.78380821315469,4.67684772281074,3.83235694070332,4.57259906368368,4.74150597578835,1.8361988629293,3.56693829353511,6.78511644997309,1
GSM2371069,5.82168462444307,5.80342692063379,5.93224171021926,6.36459746440593,7.74632662512954,4.00628761954317,0.426721629048951,7.72474961596402,4.6902369006905,3.10240393046868,3.14168996930551,3.40828981253684,3.56099935340239,4.91598474394241,4.81699082224792,7.70175011148775,6.28007263010423,3.04830092389858,6.71139766453054,5.18299462408362,3.46789553290506,4.55450263917503,6.93223361580508,9.51594405929417,6.53000440001317,5.59357221319406,2.61790786188373,2.8622210845511,5.67913440366708,7.55325229477707,8.47402148884669,5.03436160576513,4.56256667967953,3.2535102167366,4.5267427633012,3.20075141695437,3.76206215662766,7.93145137610696,1
GSM2371070,5.0984206302195,5.77512104105632,5.76344637021334,5.51648363366982,7.95127960529963,4.10487786235534,-1.765542227,7.13882808065174,3.44185987278954,3.54712653325527,2.78964664357933,3.6101087874316,3.06680153257244,5.09926522020589,4.64908959994769,8.11463223033338,5.95524799451111,2.67195631104472,6.87623148173446,4.65943434318886,3.54464835773766,4.69115166079058,7.00664751845758,10.2131609450702,6.46837521543598,5.32037121885298,3.10430632516861,2.86706295255934,5.74305579717492,8.29952045207716,8.28965735134252,4.97040380886163,3.77352448208702,2.81454561875008,4.24731834231863,3.51710371851581,2.98142274129453,7.79219916181189,1
GSM2371071,5.8809556990667,6.6776787113488,5.77396949772324,4.81150166482621,8.45166069840097,4.33160605990169,-0.313458768,7.64714178814431,1.79433219308341,2.42788726946239,3.09521212693471,3.07586467722103,2.94121927004533,4.92289302725792,5.22468271670952,7.50411118955305,5.07485885554045,0.138411182958504,6.34215807376558,4.2073121391054,3.50991889592355,4.55205253961258,6.8927947807019,11.0493463889527,6.2898007767544,5.24388002620649,3.17010720738857,2.83474618294004,5.44124761465494,7.93818657014779,7.42985673816676,5.06997777107821,3.75343375914853,1.22042670038297,4.72596353059735,3.741204226,3.59392699143336,5.94473837896872,1
GSM2371072,5.33536120459939,6.24218277313512,5.92437352087451,4.7274209954487,8.35521543077477,3.97126354549618,-0.208068969,7.67778332090105,1.81730002894475,1.79700407997278,3.45393977713971,2.69008184432177,2.64537267445882,5.0211459505827,4.69213782749571,8.89235795339436,4.98795792983498,1.15027932186979,6.06468284311136,4.53250819440358,3.58696756881832,4.61017403193117,6.99256555867236,9.42501153367883,6.40147815462074,5.31230835108478,1.77641852695366,3.65338734396832,5.37355366348107,9.2326997769128,7.87250452704933,6.16212416091406,3.59580640915298,3.07429488295159,4.43900673735139,1.89574365331511,2.93263995939534,6.45346285618441,1
GSM2371073,6.08020552588306,5.88173989981701,5.85630498926401,6.27116666924733,7.12631833100677,4.82026156526771,-1.057039624,7.04902389438123,4.38285896820882,2.76848358043954,4.0500818444832,3.28604900829806,3.46744157278286,4.57156147057409,4.86075653572678,7.16876771189588,6.18856984138974,3.12082017144606,6.62896926596403,4.858258629,2.93892664036375,4.34767484452526,6.76786675450323,9.64264815561691,6.2431994552943,5.67870242636053,2.20235066520399,2.7252735375786,6.17608807707307,7.80252793514237,8.17177292818902,4.94085109130736,4.79697349735608,2.81043698894117,4.72476509276609,3.47398258507247,4.06748689529409,8.92214854320716,1
GSM2371074,5.70139987918582,6.0929334984849,6.05799351301876,5.83288323510997,8.15350958760695,3.95558314351601,-1.571451716,7.51209291754137,3.30691689396777,2.06728254792514,3.29736154992963,2.80739075212195,3.02756896834846,5.00978254525975,4.84137443259118,7.57901581862173,5.6130103513583,1.69277779836613,6.17827073966591,4.81706096053236,3.4575063412787,4.7889253109356,6.63263130008775,9.81643475857145,6.46600537094565,5.27046640335384,2.91544329114017,3.3383185571285,5.65725952798101,8.64983573214124,8.28673927718275,5.34810683893935,3.88928360827959,1.42672916091736,4.48238531304264,3.48862750065633,3.21178509122566,7.61118734150049,1
GSM2371075,5.61741692622717,6.14658394212388,5.88952644068192,5.36444483260409,8.25953148695873,4.45110063407905,-0.175144797,7.82757040060119,1.32498571002479,2.03648037106547,3.33106828825368,2.41674479646528,2.96607534890772,4.75620315410359,4.7489798678364,6.91600429821418,5.96159951413669,-0.329704526,5.95638250788516,4.45850005327918,3.34391023343758,4.73929221536115,6.39816869342697,8.87303632052923,6.33041988002812,4.95134199880038,2.5721640454355,3.64564276299362,5.44785320218706,8.34395512698477,8.14805848977131,5.71702431948475,4.08295495586742,0.74243446578634,4.53188256476421,2.50514666943203,3.38797766032747,6.104283671,1
GSM2371076,5.03230589938583,5.75555288122341,5.56973701563124,5.46256512161871,8.8603700431399,4.90316850525169,-1.396643099,7.379944628,2.75971195832886,0.526814367424139,4.01900698999413,1.4287323328837,2.99941613927108,4.42739507443785,4.78144358289867,6.34487668108511,4.76710201706692,-0.07235653,5.70754384153344,4.05958428915866,3.39597845142804,4.42556994512773,6.41232088100703,7.94585671668849,6.52953520034942,5.15963838958471,1.36920795148711,2.74222184109363,5.51070429177829,8.75194032977751,8.20027134711277,5.32541417588681,3.77136476555559,3.9470386806048,4.49509266458381,1.4287323328837,2.55456382199576,7.74865592309387,1
GSM2371077,5.83130055082982,5.54739286787789,5.57665887236908,5.19235815734976,7.1033098507461,5.32400290346384,-0.387563673,7.1146182550087,5.83208367666959,2.00378553842676,5.42711740744931,3.42211130132146,2.64071343778112,4.55758656896174,5.507751283,7.0153751077662,4.02810380709616,-0.574166946,6.18457535769071,4.44332830339728,3.51866847506642,4.6739775066755,6.7595436276624,8.33383917129112,6.24873965075889,5.21294721790696,1.50372223828144,1.88805471456956,6.55655439582728,8.10659415571811,7.45682506575271,4.50748302994613,4.70337799704905,-0.387563673,4.28303881172408,2.03676879858505,3.30063212531666,10.831165477395,1
GSM2371078,5.80955296025836,6.41200092719728,5.7165756354646,5.00884016906867,8.60156954921248,4.42983033575834,5.29791190332279,7.55816532146651,2.15467280412772,2.12368863969766,3.74342883980409,2.6329516596277,3.05449805418437,4.57146489529896,5.12584464323579,7.72792421526135,5.05370771214795,1.90423787967651,5.86739355842816,4.4250729209422,3.40629763616973,4.48420444087401,6.57941896194212,9.72926076299806,6.36557995137092,5.30828323634744,3.27144898808597,3.40307558211659,5.5378845662527,8.73400708074932,7.73546940929088,5.48171981811308,3.9518294869792,2.30033465206742,4.66185782828198,3.04626009733063,3.36383897563619,6.80368311668918,1
GSM2371079,6.03930056869186,5.90198162843883,5.95519851944885,6.18679081906369,6.86332258319275,4.90845304524003,-2.070678539,7.06216459417638,5.17253833745865,3.00454381923869,4.44924355849802,3.28523684965817,3.11116890068833,4.9550081174331,4.68673420057836,7.43285395947412,6.32336672,1.88179789770982,6.39950796240751,4.76883864230526,3.2389531965364,4.84652101521593,6.82035479871754,8.68576295447093,6.29537119691288,5.60357490020798,0.361259848305263,2.55352710985098,6.2742990552314,7.60055756761405,8.69832479468123,4.88008301330548,4.79786334347871,1.70240436280873,4.48537635394157,3.19598908430463,3.6389391679448,10.1958673168358,1
GSM2371080,5.7709448585134,5.70593847348804,5.5935183901711,4.77693746340793,7.84164556343925,4.64610561727631,0.20767572571661,7.03800132068069,4.85125517447772,2.09938861913734,4.95466422471153,3.54555091030457,2.69135593024793,4.59856836973801,5.32385935962598,7.06542296989995,4.48551151563043,0.0550339430680051,6.49364439896192,4.5777057755082,3.37868525228794,4.43807146968338,6.62231042788102,8.92944538867584,6.19859359452479,5.53789901309665,2.71702262289345,2.72968673906767,6.34467212049983,7.95872275162599,7.61254842300903,4.71777944640442,4.19718307519472,1.58971959402621,4.42839334998224,3.8740241488355,3.39864862330743,9.47467413999225,1
GSM2371081,5.5623274274627,5.93592394721024,6.04335537575445,6.42652412584099,8.00988231403164,4.30235638345272,-1.104948334,7.3167371458905,4.19501793459026,2.71955493079215,3.78003104542067,3.32303691522545,3.16652564490326,4.77044350049428,4.90162005647908,7.42088853005617,5.80133157235426,2.08610997945195,6.37648458442642,4.9286773399664,3.63523586773394,4.7512816489803,6.89595249189032,9.76719694069584,6.33479675314078,5.41790237997296,2.42009207787977,2.95789535910618,6.19033787845272,8.18954686535691,8.51882660575404,5.03323429449832,4.40225876887901,1.71997707538241,4.33948985958697,2.78562521636377,3.70233989042508,9.26982383951373,1
GSM2371082,6.69122803359288,7.10452236546959,6.93671025974046,7.51637893300725,8.80010910807381,3.12122955225549,-3.056053537,8.13247627731736,3.79412604926445,2.3094181093199,4.18202452161976,2.6072811436706,4.75846192349999,3.83750871605867,5.49071796134961,7.4641612411794,6.39561617340065,2.70913872753593,5.27015922098536,4.85050213972861,2.80427674250772,4.48742071997578,5.97309828366533,10.4373316286077,6.25112151384465,5.53161032687381,3.90988949699177,2.60199449874777,6.2745709909628,8.25405428018248,8.45837748017513,6.13513038286378,5.12659308448319,1.38766218357826,5.68948274880996,4.10376556926676,4.70028058659723,6.44369299843197,1
GSM2371083,5.7130068186572,5.68365321511432,6.01801226773799,6.85895964240745,7.86547035668486,4.56794677132333,-2.051755853,7.20287944319058,5.01919994859925,3.5041123366794,3.46170142419088,3.72254458852362,3.37946951135801,4.95403774974365,5.14992003696385,7.98298759084994,6.23454844466122,2.10526965237159,6.81150095577181,5.20697045746542,3.37294550228538,4.78742444776109,6.78931817527474,8.52453991293942,6.49140160122795,5.81399360926401,2.66569203445808,2.35740869862416,6.7193616775716,7.46321867649677,8.51808706580305,4.92422833135015,4.74763281581713,1.52138242166112,4.55935307994824,2.77859108006097,3.22140487963274,9.71723408503971,1
GSM2371084,5.99654926040308,6.5283253229497,6.09001124362031,5.74017769424856,7.92687960720587,3.64839241250965,0.502974756491736,7.58936043068544,3.31223902273483,2.2664517755971,3.46654627099316,2.68882874801706,2.97121511604358,4.6081549931809,4.77073895022536,8.7527675647309,5.62618303217047,4.20309875111927,6.62185620269473,4.67129034433695,3.70648237165206,4.87424537693126,6.87971974422581,10.5512510428286,6.11545894102192,5.72206928924365,2.65451990211823,2.90270934371037,5.85415907966043,9.45045393476474,8.56246282473542,6.01221414335023,3.81297621513461,2.25733582746668,4.7085555542129,3.73303002369085,3.24003530650144,7.08751841752161,1
GSM2371085,6.15281434662178,5.77467398340452,5.73034276324776,6.44644441662547,8.1326171615045,4.88737403869287,-0.837613098,7.34365405751061,4.95849382571757,2.76935077552165,3.95348824208413,3.23894481968572,2.93910288533611,4.51154705113189,5.08221577621774,7.54867857438379,5.69617686213164,0.321740993228443,6.89018678633628,4.55738168534386,3.24245656993348,4.76696467653791,6.79115713688379,8.06914430698632,6.39963748436383,5.92592988859802,1.97888685344501,2.3805582174937,6.38422147796504,8.40777697610189,8.4115838655532,4.67509990330845,4.41370683355089,1.82811792770423,4.59769782483235,2.46715101049266,3.10646733421502,9.13797004433239,1
GSM2371086,5.42196231842631,5.23417141223152,5.79821358235162,5.95725809642534,7.2305139163685,4.60142752196391,-0.480651693,6.89781802024086,5.93483834340026,4.1187268213307,4.32553873374726,3.77478873309621,3.03293410551852,5.0613212545863,4.69059214299209,7.38097813159795,6.03390379115897,2.74647709069025,6.12101109883836,4.82294942669113,3.42486737268445,4.93841002338244,6.78536351436552,7.78002446634721,6.60597627641604,5.33683153762412,0.922824353630405,3.33640851001234,6.48220308612908,7.79733475927919,8.92814519765012,4.25675463477002,4.62603581497835,2.44834515845341,4.20580888880174,2.36823883782835,3.02424766007547,10.7797380671355,1
GSM2371087,5.67373682164516,5.74936799401807,5.63850199668265,6.09707530405801,7.95520566830514,4.73484657124788,-0.260214198,7.50515355733676,3.96697106092746,2.65675120517206,3.72745336015137,3.19722915116238,2.98489348485026,4.730991684,5.06795874196297,7.1400422143026,5.26476755274892,-0.860534786,6.64491718428741,4.63248989286922,3.24125593832922,4.70502579768851,6.75783777098452,9.18595268096322,6.12034705280685,5.29988730428933,2.76627522322556,2.46584937246271,6.09557705034702,8.39747826480245,7.69569865274995,5.63918776862887,4.15900052821467,1.09600451399006,4.31991746235533,2.44089439284754,2.90503224122781,8.4362690325333,1
GSM2371088,5.71134094760268,5.55387669600444,5.7594527916008,5.31511651554151,6.98954524250182,5.59444830158167,-0.945077948,6.94283277932666,5.74776992934417,2.73664322000494,4.6730068692358,3.65616048629462,3.16449702779519,4.70074143148118,5.42483118257071,7.23439770204994,4.06046511292611,1.85074053316228,6.36856110193159,4.49995541461971,3.18312277827538,4.76087348001804,6.97959062159831,8.081950231,6.12781487376007,5.64989968654573,2.34004882051954,2.21891167898511,7.0017287586813,7.87896262820082,7.71963855424275,4.47560815684389,4.86692132574754,1.12408637930036,4.53300272520676,2.11604039300181,3.5632360298231,11.0620636831291,1
GSM2371089,5.9432214443734,6.07747309081632,5.74374787299113,5.9908096681011,8.38237733671421,3.64719723388885,-0.739654911,7.61059194375319,3.54829547049568,2.05539217336794,3.48246907162088,3.1383676826294,3.01680578704585,4.61369655609807,5.01177588282408,7.49812076689248,5.47959556382092,2.54610086802734,6.45825329594343,4.64958461776741,3.23238753147072,4.53026808962167,6.71203184096294,10.2018362625899,6.31861758323864,5.50015417060058,2.9695353372318,2.3180831914654,5.9003254482185,8.55187786120115,7.96683559083451,5.6425806480288,4.18002081074233,1.37361223600279,4.4526974408425,2.83693812086947,3.32748660702972,8.24092309122907,1
GSM2371090,5.45784812857315,5.50983005843654,5.81669664914879,6.35856859808716,7.52161443262118,5.0856981548388,-1.428065313,6.87353166783604,4.85977327598857,3.68101269149486,3.93025265254174,3.7440515079689,3.48444683351694,4.94571506203846,4.9839404744185,7.89265476111072,7.30952757587373,3.5538570698666,6.76570281138888,5.00792174809707,3.19464570922454,4.59684754728461,7.07289890063537,8.09001744322278,6.34620582569444,5.70083540030722,2.15915966777251,2.79679647615032,6.45871303910981,7.83577502792471,8.69990762100046,4.86188014565675,4.3802444426168,1.52369094991793,4.18539613345073,3.35879547852331,2.80119473266428,9.38093422149423,1
GSM2371091,5.41414774535323,6.01453703676945,6.0674080635483,5.51260465154661,8.15938486975243,3.95035819468678,0.777036562521277,7.4324353686954,1.67811604934767,2.8433694311366,2.96249445331572,3.0012727896205,3.11172049376331,5.21033372046465,4.93244299062064,8.09228813714528,6.24351419627462,3.35976775070383,6.16223571489202,4.74678633113698,3.71825369314111,4.59602343345807,6.36911355170793,9.65131768440145,6.16106856912243,5.55942291653711,2.91896706790192,3.15613759496762,5.85575736439644,8.52170024854819,8.70211410726911,4.98263608757229,3.60150000001124,2.09800915944711,4.53486143317703,3.91755851058385,3.41303290967502,7.18044398530988,1
GSM2371092,6.18286491309889,6.54918730327959,5.84444084997381,5.67997869480631,7.81168085691381,4.06145195853313,-0.572566684,7.97554142734883,2.40366919397246,1.63273055731164,3.20104390494241,2.55746182002028,2.9881088476672,4.40897479558615,5.1236221046221,6.94258361077652,5.35440139533914,0.544123908581654,6.17290131854743,4.537300051,3.75295810993012,4.4937489709983,6.45991781709965,9.71487029336712,6.31428452045505,5.35103894169045,3.10849257899395,3.7298433299374,5.43521872645118,7.94895862161713,7.68637569855434,5.77838645203358,4.33260998828822,1.08732843204381,4.72823520746238,3.4286340624303,3.86328310345421,5.60996591688145,1
GSM2371093,6.09070234032734,7.18232311419626,5.86932634449556,5.21812031788442,7.9716302940515,4.68273807689119,0.128707898318207,7.34863036065861,3.89864289162167,0.704924032628771,5.44281579892897,1.97994140325605,3.83563178403778,4.33973547922127,5.26544318868433,8.10311638647265,4.09833227415979,3.86913829100386,6.34999294156214,4.55061225543645,3.1553703126729,4.43678465815534,6.48254779449014,10.3822665062995,6.49440596411823,5.44836851567431,3.75547905415634,4.36344150846364,5.31734469266851,8.93080074438492,7.45892263969639,5.1732219137579,4.48080012025555,2.45625728707434,5.09749714659877,3.97756891395304,4.65994594065996,8.28665518641156,1
GSM2371094,6.28512084743451,6.64752542414883,6.16474368168337,6.31156628383058,7.2004225481275,3.78366918202134,-1.162196725,7.92700379381517,4.47367750008547,2.02384743776146,3.35485886994303,2.74759570132109,3.52887369234398,4.18834142705926,5.08840161050002,6.90917293313915,5.71825010101151,-0.790895641,7.32460122339855,4.87801546549568,3.36223774581744,4.59920345971943,6.6018926160324,7.42380580067773,6.39082118770947,5.69506254151662,2.32509103127713,3.16961090001853,5.29239819243497,7.98132467227842,8.31785308299181,6.12354448323077,4.94465958090711,2.0514976529398,4.96782053676496,2.21528846915906,4.27494507111451,6.47448458741068,1
GSM2371095,6.21803924396641,6.28347642005785,5.94816301777302,6.42844905874226,7.86194942496586,4.58008803704181,-0.709262925,7.47855217805622,3.64897970071137,1.82476992485587,4.29479810604054,2.50357181798996,3.79755601511498,4.62769719939106,4.8411816203939,7.73821786032229,6.05347412487928,3.78300267899052,6.78724399531384,4.68752481574323,3.3265796694374,4.4223515881782,7.27844992830112,10.2750126920981,6.19966530620231,5.58163439459535,2.9372847214929,1.99858998011754,5.53245400123682,8.32133011731818,7.84365835793136,5.41937918761154,4.4866319996692,2.96333512729911,4.8844295762191,3.7346641288724,3.57487977706743,8.10382178393903,1
GSM2371096,6.21009540934951,6.00182237264877,6.11561811917665,5.81125579455016,7.64510425480485,4.8656386992236,-0.821617935,7.78575017226473,2.82082279296351,1.54212146737168,3.36863711108269,2.33424761137747,3.38735039643216,4.27732166258928,5.85157092486968,6.28635475339653,5.55733646898361,-1.514389555,6.45239836059463,4.41318635334744,2.02571904570129,4.04720963881167,6.64937022875639,8.65643302587513,6.07174960833082,5.25408088147062,3.26316392706748,2.67003002944828,5.49485698519178,6.70338756833093,7.48317477833468,5.34304360291675,4.74022657920812,1.17947077540815,5.34400189938294,4.17548788862648,4.57701529488582,5.57049699271743,1
GSM2371097,5.36284480972591,6.28634598060276,5.83635121571443,5.19470253709188,7.91064143260403,3.99078441143794,-1.138582705,7.66897167161681,3.20192052574087,1.00747282979229,2.99561952819911,2.61189119309158,2.88944675221641,4.88968699924999,4.7154904022163,8.88545278208385,5.70948090318103,4.23794700190198,7.28998845875653,4.77260848696133,3.5830485741721,4.64246148090049,7.40764996469316,9.39210075679037,6.80284462121342,6.15836699736089,3.41144205433337,2.35691795768839,5.28907321178632,8.63427037556944,7.76764612700565,5.38662022152568,4.21248477707825,2.66112284531779,4.74115579160904,3.72871832619659,3.93849635921312,6.80040519610948,1
GSM2371098,5.60614067603264,5.8619333428942,5.56300884745193,4.89658631764432,8.26212787563576,3.57912784681067,-0.742817184,7.62389421609226,1.58351886344711,3.25955495190285,2.99440061586211,3.31080311912342,2.98541624357668,4.86998447538534,5.03363693442747,7.41456402989501,4.97356961006573,0.474187091924392,6.19715735025433,4.4879872082288,3.21028006838332,4.34780266886825,6.73596796018973,9.79965511311132,6.20249769080724,5.22230556745705,3.39802105147727,3.02541249540947,5.5301782626985,8.44117918375854,7.7327574332075,5.7609136166599,3.77693032404165,2.2031584901408,4.42292821408822,3.46418740634197,3.05147363545053,5.82715531717064,1
GSM2371099,5.1062007911922,4.58163101241786,5.44760303387901,5.78057556137268,7.15769817750633,5.99572944940481,-1.565797172,6.85977198838396,4.00680895824901,3.75911478821627,3.29897439246742,3.87318251941524,2.76227271667026,5.18539139090832,4.24363807902869,7.81518554314326,4.3910758651318,2.14996750605011,6.92538320518118,4.75879680840219,3.61585473950342,4.91089439998321,6.82912427038421,7.96475353347325,6.47159356216005,5.87565661931847,0.980541172219738,2.31710608101472,6.59451315998379,7.31886217229765,8.79205618655965,4.69554181548262,3.90320358163558,1.89806443233484,4.12518724510659,2.69521894803823,2.60816911634421,8.44831171749128,1
GSM2371100,6.23174903680081,6.64920046424329,6.00185841472898,4.02082195252978,7.93703311552304,3.77032493139016,1.03647574799535,8.12647817666846,0.70083178309166,0.514938118949231,3.14253843505289,1.64708849180593,3.06561444354918,4.51608738871235,5.23340137688677,7.34575490973806,4.34063547871569,-0.637339205,5.89554597564407,4.11381681491824,3.10458907359694,4.74829081907982,6.32840522176899,9.28487583180515,6.20317522672383,4.99048048853934,1.93349338631955,3.54598602851085,5.15997114971457,8.73632585733178,7.86933698372725,6.85014053464436,4.3171241125702,1.8831454229476,5.16393050450888,2.42199322763246,4.45060753699962,6.34535677807788,1
GSM2371101,5.245633789,6.09171750052635,5.89250103856884,4.45919084287282,8.33317724030075,3.50278744217712,-1.121165848,7.81992781388652,2.86236772844685,1.30309364077896,3.05309524795551,2.45400554629151,2.71784444583076,4.74291862818345,4.95344489481492,8.11221396429072,4.37194676651651,0.827321013515002,6.136521696,4.53552291426075,3.33864343899883,4.68242673138793,6.98135999337346,9.88553659177844,6.41513818433884,5.10942335989847,3.26163155222152,3.19917268692651,5.26280105038412,8.84442435114139,7.8016514791072,6.54082958826705,3.3522144110504,2.10705367884605,4.56350203709409,2.90442731573389,3.06550621579599,6.37788924989114,1
GSM2371102,5.83952557494306,6.37977714564934,5.9626440226296,5.24110684721328,7.85348068217852,3.83638520394168,-0.325951569,8.19689669850693,4.48024677169001,1.5787873002575,2.63865771872768,2.65379432015688,3.17821499049503,5.04743984448152,4.97496858732964,7.75441745609652,5.63734863854231,-0.788786965,7.31748882391601,5.12823283287377,3.4421577272733,4.7351355967867,7.53456901248652,8.64241138221766,6.63084927020723,5.57642913273539,1.92496251601367,2.83735271307297,5.20474023663302,7.73067173692618,8.23806951749143,5.09719489719521,4.66714223307402,2.47217616385557,4.61137590863618,3.0506008547682,4.37913712685521,6.54144163866319,1
GSM2371103,5.23509888821204,6.06996405550248,5.96457141664396,4.74188623702038,8.63642310994051,3.22983732617788,-0.576299628,7.92982277579409,2.12913330181533,1.15405834470606,2.90380240127715,1.74230586440431,2.57893416385256,4.9224099922803,4.67502644934615,8.39391975366928,5.35519452785081,0.202652610258084,5.96826409762698,4.4610740030967,3.56970104677439,5.076984978,6.78110266162221,8.7372549336756,6.66400835102931,5.03131791384728,1.50726233043662,3.65072190150404,5.23859774397073,8.99706089146403,8.10919564723979,6.68979830720188,3.50434969830154,1.28164512287763,4.31791859374606,2.57340307945976,3.01814872671371,6.46294365518563,1
GSM2371104,5.7368849799484,5.55235278431876,5.42865072433892,5.38778895292767,7.08225467265013,4.95948837879893,-2.118704903,6.89597186581221,5.6692925964609,2.01824731240039,5.24839580057906,3.27964226099372,2.65068000992255,4.79825324658258,5.20062046753296,7.33959644105838,3.71618643797813,2.56702628319506,6.41046081208737,4.49749678318347,3.41499003778643,4.64961088931219,7.21493923304792,9.02300347203365,6.24939663090685,5.24570798722256,2.16202674810058,2.01824731240039,6.4801497274676,8.23073958533267,7.65732703957267,4.91619638712126,4.47012504761796,0.920634917196528,4.33503938220777,1.8585363982284,3.00235680786421,11.0680463808269,1
GSM2371105,5.93747049112802,6.15848716855879,5.67327056139446,5.92453695434605,8.45772351994925,4.01202743437145,2.93144555253354,7.64322087295244,3.68700961081891,1.43622529209467,3.93930712727664,2.74980513887843,3.19106978641264,4.59539824528119,4.92515494044589,8.09065608436563,6.07667310506712,4.00221233596462,6.97026551873796,4.39056639357812,3.59857987076709,4.42587133095376,7.0099898802272,10.0479916240386,6.41949935671824,5.44052593119113,3.16050783978476,2.70209884600493,5.66396257675966,9.59425030352715,7.63689147592036,6.05784447184976,3.86001117898656,3.32308362836143,4.61967431051017,3.2709011306357,3.25858617206672,8.71201664923235,1
GSM2371106,4.73378224084601,5.40846498677696,5.64208170512979,5.70990548671041,8.04432105965377,5.14001949462033,-1.348405024,7.54784116017052,0.311634701822437,0.43747437114567,4.10593550869021,2.62994839817828,3.6434387253269,4.56995606158755,4.8725554665417,6.58802379307067,3.58684047463809,-2.855067901,6.55021298511896,4.06994946638913,3.29422725033353,4.58703185311235,6.95948287601145,7.0435306767571,6.36661260543896,5.27469209998023,2.54161497488969,2.61003852087207,5.2329924151649,7.59797930525704,7.41740389429248,5.72772262295824,4.74903467661533,3.7654590917901,4.35950587464821,2.46240019984357,3.51371302912595,5.83596323604509,1
GSM2371107,6.34309744137827,7.06960582678864,6.21947697512868,4.48467774346581,7.4657690729892,4.84378264598902,-0.6935338,8.01972172075224,0.0463458195034488,0.331857166766881,3.3050636016597,1.63421647104292,2.93053290429278,4.50156801478498,5.14496805330354,7.32307419968701,5.288126361,-1.217540071,5.49986742453575,4.59671243448467,3.6762612221841,4.91395416525934,6.78031646811525,8.93572738666433,6.26540788430962,5.35337985318456,2.55859979780294,3.03366718644031,5.06281454420236,8.45211555096823,7.65235294459601,7.54005523447666,4.34460336035651,1.2787160754848,5.61521374425325,2.53066083742173,4.61234751433226,6.21801780374315,1
GSM2371108,5.22480997604752,5.23240430808442,5.83176079181995,5.91245250029404,7.80843674355893,5.55422573631967,-1.886410975,7.33329782378517,3.13699556121552,3.87951260003506,3.28455595440926,3.92333768952204,3.39965006693099,4.88269732794252,4.6232690678852,7.47223399134461,6.05631534940154,0.480775145472367,6.58073414324152,5.01978802716317,3.50121615580137,4.8195627422702,6.83208469469677,7.62299049758598,6.14106477232739,5.70648913559592,2.46481073433654,2.20559237923326,6.47362909049616,7.26699649270077,8.28612329705428,4.75142559421333,4.18364689660284,1.8970351067859,4.38104294293508,2.7494286397642,3.20032291219352,8.6388139571491,1
GSM2371109,5.43442468363253,5.15606197412534,5.7234627443042,6.03568442194103,7.82111979105118,5.65474162382105,-1.050233022,7.23137221230065,3.98424894633732,3.07943868157223,3.61996042871568,3.70425132638653,3.05064442587234,4.97963372891798,4.88144078271346,7.57308485741901,5.04470132011122,1.45932474744508,6.85143281896524,4.83274206807754,3.26276974171612,4.80222027496673,6.73538996440754,7.47374592282037,6.40781578995838,5.85834365242065,2.09659082909805,1.92589757822372,6.55822714721626,7.39371098906779,8.0386057089321,4.81205768086054,4.30302532329176,2.44525565408184,4.35104889850289,2.24920822767227,2.94731598074301,9.21329167469178,1
GSM2371110,5.17069812742185,5.98946452947233,5.57232428587158,4.83821874705861,7.6094326110113,4.99217700389102,-0.575205379,7.769426732,1.98508997307868,1.0280172771243,3.30660560002467,2.53362994857163,2.81268437212349,4.54286878458243,4.86686603937953,6.83061579478616,4.15864517293354,0.880203503216647,6.52664398877466,4.15686168712655,3.09937187353875,4.68824437828457,6.63662839101238,7.78524254427133,6.19244279879594,5.21164893910879,2.86605462693775,2.95495022222026,5.44949244424974,8.15627240524943,7.93583913305472,6.44569249647362,3.52696564418979,1.93601921618035,4.82255438046878,2.91330135168324,3.5488907390838,7.30514054192476,1
GSM2371111,5.39091978270655,6.08582417034869,5.77949828134202,5.81801838968897,8.37999960392998,4.0210881385992,-0.669466883,7.5361268276321,3.77551251782268,2.85229771271663,3.84455106551505,3.19209768807115,2.94054179352195,4.77775069526596,4.8634156167696,7.82723420099718,5.46326150526148,1.37550058701283,6.27769082943973,4.5471872101707,3.49480531234188,4.64166193541371,6.63761082373504,9.99145249208716,6.06479420190385,5.15503210705791,2.65226232053987,2.92240734879653,5.57122762607591,8.43749634735989,7.81898691341448,4.98307036090799,3.4159888867042,2.30567817283778,4.36280827726427,3.45119969053787,2.89477098293287,7.94222838219527,1
GSM2371112,5.62238205130068,5.83417635904929,5.94044860408803,6.27556785677401,8.19317571720183,4.70705222234907,-1.130635258,7.75602147362863,4.49923338613949,1.53703974937741,3.84772370004234,2.81480775787441,3.48162515526177,4.76035896139212,5.34839687173821,6.76860430234792,5.82906747286336,-1.49054247,6.75923420133656,4.92981912273786,3.20624234431158,4.74280799201154,6.77725095297282,7.33148168546114,6.28539291335572,5.71114207722816,1.21547864343993,1.91038316760434,6.03222057829592,8.00976945978955,8.00269679894346,5.01551798651641,4.81306037225126,1.27680273977091,4.70844395617866,2.37038510353743,3.64170691402508,8.44612804783071,1
GSM2371113,5.81318515678508,6.56435024000024,5.97511979451948,6.03666442561191,7.95465938754324,4.72828961461422,-1.026620595,7.28597005242545,2.91628367693307,1.00538699809073,3.75787516757974,1.97541995166081,3.72960644336752,4.27509293838727,5.35762944389877,6.78795975866674,4.85437203055008,-0.789970041,6.4071422094423,4.56011564911816,2.7511095148588,4.27943298412869,6.0658514086914,8.95424972209504,6.30387719306302,5.49552195460229,2.73223650051968,2.15620628586441,5.77987609758211,8.46586199181214,7.72116648150735,5.73712829085154,4.87745957058753,2.10821756639308,4.75813965335714,2.95478277236421,3.55086427116764,6.7618318257649,1
GSM2371114,5.71466759017156,6.13689873703457,6.39511563761318,5.97550400407551,7.70631007526333,4.41407020022194,-1.137298553,7.15500306245178,2.16738259315642,1.38475125152283,3.78877777974779,2.36993195118647,3.91406252086269,4.69254157621414,4.71888332432752,7.52077785154734,6.77467229832818,2.72762832105041,5.79961048844899,4.41067213708155,2.91676776457394,4.31576171677101,6.47700146134395,9.10683945257238,6.41050850661242,5.52183828736216,2.78124071774255,2.36291590223472,5.51789569427827,8.14223768424569,9.03981939499361,5.33100636470823,4.5360430773297,3.39378146723485,4.90910013720859,4.17664555915517,4.58811343607867,8.13247245541451,1
GSM2371115,5.94428005191755,6.48124837986738,6.24477094915872,5.79890376053729,8.53190997331362,4.13071493059329,-1.553199639,7.97042551490822,4.16667564951464,2.34869022615493,3.17095661650677,2.96173245797953,3.66403789145551,4.82074356809206,4.92415500797475,8.29435083533324,6.71170558522359,1.4711617731334,7.35282400475541,4.90512201515686,3.39060749954022,4.63812566990863,7.09058596941456,9.97663530295857,6.61740727896319,6.14058403110288,3.14595349502157,2.16177117703829,5.57903107924791,7.99950468161559,8.18276608083581,5.44268891476734,4.7238988222708,3.12417185582349,5.25750561279749,4.01711997283551,4.47990654398354,6.8195460479318,1
GSM2371116,5.59512382413993,6.28831659377242,6.22450240814796,5.84436976153047,8.65426574823901,3.50405681049535,-1.407955049,7.66295990569361,1.81695549972944,1.80486394061424,3.62246071133965,2.65251042209352,3.40340288701672,4.4950262710388,4.90779727544657,7.17374458963811,5.49989567477979,-2.31901026,5.89800193309702,4.43549079349739,3.27780454323414,4.40977414975347,6.4333104531954,9.35703577758449,6.56056606180951,5.41095633300127,2.47312066980918,3.03545564926696,5.38885048126603,8.42956919109677,7.80290078447558,5.48954573737323,4.67187184764313,1.59619757761395,4.81890410009877,2.97738422117901,3.99660824378763,6.201051015,1
GSM2371117,5.78059323726759,6.46465779684322,5.84313860413759,3.64526906401732,8.48093514690941,3.9153613358043,-0.646463,7.84522101386985,0.235702879912784,2.0040238677758,3.28868804726851,2.43730992762826,2.83780404485121,4.79604724411085,5.19786592116578,7.83637848586657,5.69513724544875,-1.580360169,5.925493547,4.05606160162673,3.31947371685774,4.68878389555312,6.67170639784672,10.3564249219395,6.30845241946148,5.01978046229213,3.34629792528671,3.39207265344072,5.25914069683119,8.72003209386949,7.57574514304157,6.18711168177254,3.64526906401732,1.0147567164868,4.61487149435226,3.60973149078748,3.53007961484314,6.15617831886471,1
GSM2371118,5.70300095742791,6.04113165244794,5.95722980943125,6.73938492347633,8.61007937940474,3.78539278538851,-1.22515148,7.49402561354243,4.23592937575776,1.49284512687182,3.45688904099287,2.92368139035462,3.46302451077511,5.12974637197152,4.77275253474524,7.51392445,5.66225307976384,-1.07536713,6.70937611776406,5.51056702242674,3.37140024390404,4.59838760709505,7.06066322977898,9.41746092511251,6.50192144680563,5.56506195255745,2.41724754885688,1.71475610047257,6.24937352141376,9.00380963926629,8.18484850969731,5.02270366194746,4.29902484863921,1.34121638173065,4.42380085368809,2.52087227581078,2.9889175474427,8.56595597010491,1
GSM2371119,6.27403710824263,6.32577568459703,5.88618245236061,6.18934852285911,7.48631992526703,4.42085480008382,-0.864844444,8.01722404449456,3.05007742448098,1.95252993407347,3.54269865510674,2.44807557850951,3.00624355120046,4.32419650844596,4.87046994137805,7.9219427675616,4.32062173291315,2.94254874874043,6.87338268619968,4.79519184784695,3.29562618126912,4.82577602788033,7.07990866428431,10.1117658455418,6.42732638186618,5.92789632979985,1.34030226248835,2.52464492668298,5.3079014964468,8.22391133228622,8.39641015472293,6.34085400236479,4.5051565652268,3.18987397056004,4.91855808865619,2.87591141654672,3.89969829341155,6.77820091184644,1
GSM2371120,6.01626710193045,6.54365872147361,6.09282685077212,5.37587262251115,8.52888266659235,3.73371386578272,-1.438909675,7.57787481079339,2.0142931679718,0.730683330641678,3.25060034219352,2.16950769570734,3.1516424154257,4.73858714830226,4.89277992053446,7.39944812013889,6.43643169050477,-0.488025333,5.96816980053834,4.3955282010813,3.35133509410082,4.52696743945585,6.99765378143654,11.0780567982742,6.11209630281715,5.19793664469041,2.77619247548576,2.04469648695922,5.63926222134247,8.6535090651038,8.13544673998727,5.73869489947592,3.70227183194108,1.68172793168549,4.75859580793609,2.96289040016782,3.78863835747015,6.71492050307048,1
GSM2371121,6.18829903408052,6.77827010196284,5.69116642516763,5.57100177551266,8.14959981546315,4.24222107736861,0.699181434926913,6.94824455567159,3.94819296013481,1.98178824877637,4.42713267430376,2.55310781198082,2.90637886388925,5.11261840952363,4.63219565312943,8.63815360563078,5.33469286604799,3.98309843783088,6.74892746583247,4.60142010843373,3.36707838537392,4.8702506471339,6.60379158379142,10.4939161546254,6.82230705823588,5.46292092983118,2.58141969529891,2.57439364148993,5.72089992487673,9.40898750920945,7.61264193305481,5.11383041671925,4.21762916969738,2.09412852762121,4.53058446330205,1.70130577120529,3.91798326186357,8.06330757709547,1
GSM2371122,5.58961150468483,6.03374040624904,6.1305075720122,4.9797028196048,8.41190865362356,3.42809514539442,-0.896112954,8.27514058402111,2.25300123942872,1.34272742165484,2.93932115811625,2.33951357673436,3.00129273427906,5.01674485253677,4.89347432384677,8.13530822179716,6.13094080902957,1.00738106042953,6.19573889726298,4.86771189823805,3.56776703387393,4.57856023962567,6.71264558409512,10.0964174651305,6.50238412869377,5.52185284830249,2.22729969637419,3.87552672179881,5.63796337782644,8.62281462044037,8.19339610470594,5.70525666890571,3.86722982202598,2.06991033645032,4.58742641526562,3.04240470720169,3.21905438274368,6.58691830579996,1
GSM2371123,5.80200563145664,6.00753062109374,5.98880519974235,4.80972144340004,7.84963636367761,3.32322962057795,0.0519227891447946,7.91243969416247,0.876217257147998,2.89891593916981,2.96285583421374,2.97418283318979,2.68120818528137,4.83168220195487,5.01010326503492,8.22932707632496,5.44300364632552,-1.244346517,5.84428573495484,4.56949968499329,3.89374501508405,4.3992798845959,7.14394242541027,9.3625213416613,6.34784393539738,4.88065734382379,0.946909098167667,3.69244078716529,4.96681512804239,8.54287799099818,7.81363637687607,6.76550009578175,3.56339464760714,2.03892020954951,4.3348379200599,2.83822247284208,3.76270978148756,6.33362326979685,1
GSM2371124,5.16842641024237,5.94335210048796,5.46249219352726,5.57328615574302,8.0485500657487,5.04827949427472,1.21756868020791,6.99833090222835,4.03402501040311,2.16553808081423,3.76996849288346,3.27451433499001,2.84880521295317,4.83627370785236,4.69825212759123,7.44060940725281,5.81736515816979,-0.116937027,6.39596933327326,4.4488683384285,3.5841712856049,4.77303265808469,6.67132858918405,9.61294208891739,6.52126499158651,5.36526597147608,2.28244955163846,2.37828300600503,5.91380489889391,8.49770270005326,7.65206147940435,4.59032677704115,3.80027363111796,1.81903871884204,4.32926439777859,2.77560174226345,2.81266772795247,8.64039896624998,1
GSM2371125,5.21268669474515,5.02690008098201,6.03318773771135,6.57575415262318,7.50368046355676,4.73944100458862,-1.460526395,7.48859218602916,4.56835384503903,2.34985903821876,3.64817670061577,3.00514007477178,2.79860651822252,4.91006023008458,4.41098930069712,7.66321586809593,5.58886188319593,1.56364593432046,6.46781874817462,5.06018331535423,4.01801112192746,4.79761041228856,7.26762879206484,7.97399353695275,6.37485919511479,5.15109040667551,1.63082647344778,2.59833983770167,5.94684556043932,7.70453800062741,9.05717875997419,4.43937505294577,4.35049366960006,1.84966266208277,4.01801112192746,2.28460224014587,2.6315228936377,10.3997682650683,1
GSM2371126,5.53279454548132,5.86335674152733,5.97661130665742,5.81750117382161,8.14546445019205,4.24609708723024,-0.106966395,7.31890408473481,4.38323168350807,1.38289613718064,2.91222323014533,2.76437274167653,2.73391963124782,5.39280163242718,4.31971490406508,8.90290359154826,5.88719141037956,1.63442149738268,7.06864735550719,5.38628926779366,3.96287336673622,4.9864708100642,7.43171128175674,9.9863716230129,6.48282746232112,5.68116236983329,1.38289613718064,1.92241569383254,5.61655602188448,8.77343514253293,8.55639092216498,5.425723771,3.82520710764266,2.59398084190946,4.24789426408335,2.89855936281802,2.63850231216072,8.1627148145518,1
GSM2371127,5.23059910743381,5.58833980090095,5.60190321548315,5.66464331458668,8.20191869147499,5.39446274701247,1.00951136891222,7.31160008798122,1.12674266282484,1.14538744765889,4.43185061038593,2.27905612227061,3.8842567973096,4.57626239543495,4.69650454396901,6.32415375747693,3.44673257385472,-0.098680063,6.2863274520146,4.31112360222543,3.27110216725853,4.42804843416596,6.44289734706721,6.7221006949167,6.2805406272798,5.41765647292187,3.39702951751787,1.81501270917294,5.42339710699772,7.38624696535123,7.18974336665477,5.65084434293345,4.87188399431464,5.13937142774664,4.7431535373361,2.62297134887719,2.99088419941888,5.61366749374175,1
GSM2371128,5.84608429197428,6.09552547734407,5.50962654515843,6.10806357749155,7.72985361468904,4.15521821443431,0.318596334015214,7.58894408106709,2.0014780680205,1.51964240326391,3.24635409584017,2.46218146770786,3.5316295112262,4.31619690890037,5.13799598754132,6.10865792052115,4.28918627574894,-2.354880056,6.77114921688563,4.63446554290292,2.8454742818315,4.27654719485877,6.8934579680939,9.35389573154948,6.58251436748529,5.02918744927104,2.46960360337346,3.65068140325747,5.13333038087785,8.36001636419633,7.21131888869729,4.83885069151566,4.76386018887531,2.87372147609904,4.3567887029647,2.22843097911779,3.04744710377199,5.35290317257532,1
GSM2371129,5.8558445825139,6.74553456399531,5.95380959449977,4.76848885195604,7.51306494585692,4.31856804063002,0.079617233101702,7.60722074557221,1.69184609817862,0.29156276519553,3.78887251875227,2.70476375125241,3.31031229240367,4.46412533705751,4.96924082218526,6.94928908793689,5.19238215696487,-1.172768898,5.10161061713277,4.04416971359491,2.5347731505855,4.5896691365387,6.4422146869977,9.40667132077721,6.02222315128599,5.04670850615969,3.70502611832696,3.09191034716388,4.68028033429491,7.96837340395471,6.89963782844595,6.61378726077167,4.23134635974945,1.64118220305752,4.93020852968204,3.51410438580408,3.54887693401595,6.24320829470596,1
GSM2371130,5.82273147155011,5.95887176057274,5.54050309363001,5.06861679213708,8.12039524854378,3.61155668396883,1.8449128209579,8.02321557383558,3.4326247516729,2.2208353677374,2.39853453421345,2.2286933628455,2.88972931403205,4.87567401403883,4.5134957670037,7.53372218012274,4.25338409276211,-1.200013374,6.05038971424619,4.51510305441681,3.64717353761771,4.90048246069448,6.72052213093385,9.49371152582992,6.42807877229937,5.14638331168353,1.88524340323219,4.09475269341477,5.28472604462022,8.97526308207678,7.8296443191703,5.65208402159993,3.18454602327038,1.72781257218828,4.48589429650629,2.23650878919769,3.46292070467703,5.90839533989306,1
GSM2371131,5.23710905228616,5.74319613799196,5.57445020485577,4.18984665761651,7.59576300190063,4.37581299059732,-0.4573346,7.61237930623126,2.15513625631783,1.78875546206801,2.96382667256952,2.78888607638362,2.91818028829114,4.86178817062992,4.64540614154336,6.94034304868126,3.50318259262007,-2.044777858,5.90988750913555,4.23398355733994,3.21937232083799,4.55881622563371,6.66667536832238,8.28586756415609,6.82758483469442,4.96016447994364,2.4753549021498,4.01296244442385,5.0202100450715,8.34791288965752,8.24421247156191,6.21841129824808,3.96388451813229,1.98846157228256,4.31840199181867,1.97861222831606,3.58010409655203,6.32087416298368,1
GSM2371132,5.58680402489138,5.74070804414408,5.68760726057335,4.77871699186944,8.18625601721276,3.57089905405759,-0.392333782,8.1778303979416,0.973972394518404,1.57209074812531,3.0301953537393,2.0620175393684,3.0301953537393,4.79999960463544,4.64273445745362,7.54521099202464,4.14234352707492,-1.588630068,5.97837152093679,4.49121153979603,3.75652658583333,4.89779327852044,6.6552480049973,9.15603356301207,6.45901981013937,5.17401745244262,1.77578068211049,3.57089905405759,5.23779388998833,9.06654839400134,8.11888093331665,6.27006626454066,3.62462398355484,2.22989223961388,4.44075691935467,2.59028046604262,2.99565980573473,6.35349837693997,1
GSM2371133,5.16371787993948,5.79465496846284,5.38909148307172,5.19985120822138,7.8584717921675,4.2150819726947,-0.332554757,7.171234623,2.16925746518678,1.94791779556676,3.1552302640378,3.02402991498118,3.12770601939522,4.67860817415192,4.58860432798258,7.56927143843557,3.72817407679703,2.36111247490027,6.67445039680804,4.12050451631943,3.20348810782428,4.43986933246615,6.77234963997098,9.91139937609912,6.43215205691675,5.10846641639477,4.14542286176659,2.81903457894854,5.1945548924741,8.1151225794647,7.63232730576847,4.26394056173913,3.81010971379366,3.40035546893162,4.24868954284905,3.49817712343683,3.20348810782428,6.49435904053378,1
GSM2371134,5.60110890079018,5.62441595610659,6.02710030490144,5.9032175447719,8.60541057122043,3.80938287837145,-0.975583114,8.04256066138534,1.83790150853032,0.377491165648358,3.49374446019835,2.16517968411702,2.79259101661026,5.05555687438473,4.90219380741111,7.78492261580331,5.88812419521538,-2.52989834,6.71265950937084,5.11460735949303,3.43743431873371,4.79920543524256,7.06392860708265,8.67326984712345,6.524630985,5.30059989043599,2.55450740240096,2.84162899076965,5.7186534158541,8.47899389255618,8.03678158730319,5.53108364489714,4.11483466956086,1.85710854660129,4.41455905753517,2.28348273256364,2.75724490242348,7.62359538080555,1
GSM2371135,5.74791518266885,5.89628002313873,5.87775034671333,5.62933212689118,8.08249555485126,3.92363805253326,-0.70501368,7.94381697347844,3.48216071697242,2.00498122186217,2.81438396281968,2.87464422310404,3.02402123712583,5.00706672208906,4.81027082334602,7.72354564796678,5.84247813050229,0.436719735773306,6.88052830223837,4.94284126878494,3.26521039303978,4.84180821494321,6.76189783372895,10.145761491821,6.22847515100657,5.5446964785758,2.38790774710228,2.85483582776348,5.7639353939125,8.38565759911479,8.01660596879757,5.78030481998893,3.80271006855597,1.86147514997006,4.3345487395374,3.17543238379825,3.38330151379382,6.41858429454918,1
GSM2371136,5.44676298846322,5.35435717405551,5.80947354084464,6.6705434985978,7.69997499180052,4.91445662934307,6.22416776160875,7.22155225891612,4.70857625363415,3.5242638919075,3.97800335893386,4.01728007002581,3.24796534501891,4.73106283102402,5.1778360048797,7.78524500097181,5.38804274513796,1.51400883672939,6.7776735501516,5.0458309098004,3.39768854008209,4.61352890594377,6.92664877733954,9.02883895,6.41639262328976,5.628255508,2.03997629892388,2.26695181031012,6.56221174466772,8.38142439503982,8.26251296417668,4.61921324055851,4.48088815173174,2.24506020048348,4.19526459277587,2.4630246764335,3.19566220598235,9.90316219034506,1
GSM2371137,6.21797506590291,6.28225753162523,5.80931295412968,6.22926458866075,7.54561812696216,4.90662671475264,-0.648012086,7.26978523689264,4.73983194956752,2.47258594211938,4.36722471502188,3.23419135417161,3.62455921856458,4.34248602048128,5.40572072036619,7.06702303590548,5.96598560862663,0.422130240084857,6.13877020681518,5.03053638821111,2.58933397400183,4.84924556904806,6.79956648558022,9.47473286254173,6.35414752482274,5.30688323454251,2.20624217028085,2.09215473019641,6.36442381325886,8.16406908203754,7.81053937216844,5.57809537751937,5.20991996085935,2.47258594211938,5.07125633466769,1.68312417664098,3.48082629687012,9.74649733530996,1
GSM2371138,6.12370735478712,6.37905635906988,5.86156203024592,5.70887874971946,7.9894464783575,3.9428028108254,-0.468585425,7.58326105705205,2.39128088409389,1.80413504629576,3.39662602956437,2.45339195653094,2.9564062595059,4.84966633852538,5.08072454662945,7.76660224252828,6.23044135073382,0.797565139547897,6.23354219524531,4.60346546786439,3.29851521285795,4.74924883642319,6.68502968603914,10.1709248569947,6.47388213192619,5.35579206931028,2.73423724705661,2.5418155434107,5.513531351,9.04997927050068,7.88753470834157,5.58602553865313,3.58875230689521,2.44118182261149,4.58693503415769,3.16753252355132,3.12236375259775,7.18761449208331,1
GSM2371139,5.55046010818706,6.70818464022227,5.92502182964902,4.60580463098327,7.71441313147555,4.58538570263222,-1.468543719,8.11903761088776,-0.654937295,0.0165218653688056,3.2528062804495,1.79714747625316,2.87619880190051,4.21460169834079,5.19511319353512,6.5300064109611,2.88290716174009,-4.227797283,6.2886641097061,4.35872322902169,3.56792365773221,4.5667582646317,6.70061032628267,8.28492094655694,6.08556692567126,4.74486303160478,3.27847223780744,2.90284708913483,4.66343587192337,8.13457993372593,7.77201284915214,6.86675648931273,3.96245991848214,1.98345785643328,4.85131001073062,3.2528062804495,3.75140227257384,6.29685031546688,1
GSM2371140,5.22651163442251,5.77127850286275,5.34477005140647,4.63138632227628,8.12778423922708,4.93946672093478,1.34186615828494,7.33450332732044,1.55991252961862,1.518860256,3.44112866018006,2.12250606993466,2.7496695130621,4.66783452956575,5.02013197759734,6.69080765492485,3.21991729015711,-0.661161863,6.07193957315542,4.22005443565577,3.53333692514439,4.59399336890446,6.47927937838871,8.38428752211107,6.33004453205026,5.1975373413344,2.61979628962199,3.60046115466093,5.39856748177856,7.94471522883331,7.5380452904272,5.58164080333091,3.95357350109901,3.4115290010861,4.20503596507732,2.53311616701173,2.7496695130621,6.48017077395503,1
GSM2371141,5.76465026806327,6.01411417561988,5.83580038457783,4.69200310977416,7.97368071863648,3.44236517950321,0.248595339040271,7.83064010272179,1.74697781200195,1.68043978146202,2.95776352179097,2.39167923134237,2.39859477673479,4.96436227292747,4.92897478818511,8.35010524754077,3.91229971019796,0.0520810263968386,6.88430000957601,4.35241658179492,3.46230523100726,4.76070822519599,6.74473546476438,10.3770165474462,6.23255173017579,5.24991935678006,2.78380413524867,2.83057868377983,5.47597856198117,8.76642096696847,7.86443834212661,5.95494176129547,3.49816123166299,2.87091996759694,4.4219477405288,2.60998915153757,3.43901487769252,6.67382224612677,1
GSM2371142,5.35006979279569,5.80173709560567,6.18006434018488,6.61802446779951,8.47995250955325,3.59727877966131,-0.867908585,7.96469300102234,3.96022152270754,2.42793688237543,3.15916763004568,2.8484273190309,2.81655574744453,4.76007881807151,4.73472269445649,8.36464464721228,6.44530564435451,2.06687122921404,6.72060838372887,5.22471051602887,3.73761172593401,4.9346012893948,6.9284578389663,8.89040972926653,6.65357288342513,5.57763568552301,2.36637232047481,3.4328281457973,5.68744034067951,8.42241079175878,8.84873904612836,5.1608708672151,4.33919431501683,2.0975070575318,4.31658548449918,2.46365279361184,3.06542252118328,8.22214757803017,1
GSM2371143,5.61579029081277,5.71406937149655,6.05847304607714,6.76990258169427,7.79194310069889,4.98185812906458,-1.034459361,7.39665287993255,4.29749224341207,2.68825604679823,3.55461782051136,3.36367056137492,3.22630562102296,4.84231385365251,4.79902825123516,7.90435284978939,6.63723269107746,0.733123104717881,6.45903039214484,5.02295622760241,3.25615864983888,4.72268072172394,6.53642376420069,8.83045498136788,6.27362282345063,5.74246915881665,1.7193312685242,2.55583140086562,6.30371387192583,7.57387164161571,8.71748736148457,5.36339290055078,4.48984722016327,0.959674876943576,4.58178222036942,2.53973899524642,3.01750922953044,8.11880348335587,1
GSM2371144,5.40889635407722,5.49808871366444,5.62921959521237,6.06437703598798,7.90557261801787,5.67906725987826,-1.613495399,7.09954225010924,3.50950250057565,3.01478412707238,3.34983302879681,3.16627817093152,2.49095300219802,4.93562292174779,4.75483927295288,7.84743368868442,5.40297550464923,2.56554449775577,6.74302214920776,4.7614653762178,3.27770977146547,4.75084895387706,6.77120296803734,8.76128306848115,6.27353004977935,5.92613095616576,1.800633269,2.21786415526221,6.63025277824112,7.86676756546401,8.38065778544425,5.19354161546517,3.80463932996388,1.8611125931705,4.22853760958232,2.08047399927708,2.91370958128729,8.53857582575773,1
GSM2371145,5.55600520147974,5.18996025951908,5.3498060947584,6.16555184468881,7.96955551743667,5.41205131479159,-2.034653813,7.31323536971549,3.86257249276582,3.3792614531343,3.6188398636607,3.85715858148025,2.35626218533065,4.86127617729334,4.58491825910644,8.26448402276016,5.23135096005955,1.59587159014696,7.0575936661992,4.77634295564755,3.71175747833595,4.89469012244809,7.32504878351079,8.8378994286345,6.42676375960809,5.8960376880005,1.30913357965279,2.43104579575008,6.35511662878081,8.40908134236955,8.32554392266516,5.29879994877016,4.2837039440306,2.1591794340772,4.06163405454139,2.70260707462946,2.83518492732308,8.25022708660235,1
GSM2371146,5.68233423674286,6.08007971089401,5.73886009337344,5.22776028922954,7.82685064511548,4.73104196746654,1.62023934205707,7.71799613045053,3.05129711201739,1.53767706110355,4.30141571775741,2.27536336971666,3.40959234505946,4.23746287127793,5.01663832246175,6.77051021575412,4.51787614708122,1.43497452499607,6.547356412,4.34657593063624,3.3543813566679,4.69339910248334,6.6389024085791,8.77327383961754,6.24365184278554,5.19109015738423,2.41296514481952,2.50275454928871,5.46777671818011,8.43249682278453,7.44256199871185,5.27205889010149,4.37657596283664,3.6739978758392,4.50344678103913,2.54563704840137,3.82378541091142,8.27044741853403,1
GSM2371147,5.63757257165374,5.92738445895009,5.71985918720234,5.13752913105926,7.72712442813725,4.3243896470243,-0.416806753,7.36917126420488,4.8797130451712,2.33189220657255,4.62373027728498,3.33221965219656,2.52561554085052,4.8127233875471,4.85078704363117,7.99665231702706,6.2098671191528,4.00742179576314,6.45471536181813,4.65115208427769,3.47264906220239,4.86049362760697,6.78541249053295,9.28763769375366,6.54519282804732,5.51298844913835,1.95078947537106,2.76885534139525,6.30026484446532,8.90599904061606,8.02867580706619,4.95800851978242,4.25879364978905,2.2832349751844,4.41562940417409,3.00721674345082,3.04175412565593,10.1622493627947,1
GSM2371148,6.13554215504053,6.52137522230453,5.80257370832702,5.75894200441854,8.16846296853453,4.73324099520857,-1.003613338,7.48649663251054,2.56860687803134,-0.562984208,4.14972521772543,1.92392795483432,2.84386767697155,4.42764633390988,4.83279841070761,6.66252847308664,5.86049091730831,-0.627697159,5.30537118808383,4.18312256575316,3.38070681776823,4.7962647299183,6.279247312,9.8087500248742,6.29515371783831,5.05780872367199,0.779147315926065,2.69966460156923,5.84492449449272,8.64236686549298,8.38651414878226,6.00689481026339,4.74606792168432,0.85215222783667,4.83730075118205,1.60987351548818,3.44505215767745,7.94194037986482,1
GSM2371149,5.90005540753222,5.37990199321582,5.12792566802769,5.409830582,7.6374788086254,5.83891792595148,-1.84362472,7.28628191769236,3.7471270257207,2.96279554065553,3.9447190339267,3.9499853540571,2.54931252424515,4.72288099117536,4.9684030952014,7.24242357632093,4.23954189246325,2.2495849396914,6.59186300537816,4.63732962207471,3.39222527300573,4.81089608230168,7.08288634241423,7.64012842614258,6.34939140538486,5.81024793301455,2.1615323360436,2.39568585373474,6.65972552829772,7.59797818608267,7.85081142383172,5.41935401327447,4.69335460772329,4.08056795216219,4.61926275787465,2.07741116065866,2.80318603696425,9.34413414793096,1
GSM2371150,5.84687175822112,6.38883853582008,5.32756851859239,5.79883513823087,8.14692181143993,4.32427331776724,-0.070529179,7.90936701636787,2.55626665155935,-0.658998241,3.46889087370837,1.8209149281483,2.58443960607767,5.31921013673915,4.59396086388548,7.95610657697995,6.2172801625019,0.278894330907181,6.50808038634508,4.87625571544454,3.33848830674117,4.88619225215975,7.04714837629306,10.0236737978955,6.81755966122421,5.38576027292835,1.57632980364576,2.59832242308327,5.78903285412376,8.48111158872452,7.65295902929825,5.67329336338706,4.5174819875374,1.3652108062389,4.77446370506626,1.57632980364576,3.3549369260517,7.66805327586769,1
GSM2371151,5.31646932845884,5.85452928564534,5.65379352153785,5.66180206385721,8.02363078279033,4.76347712406991,-0.246108211,7.38815303276198,3.44376972744709,2.28350211624441,3.52902631891953,2.71711457592435,2.53884709362646,4.81269817129454,4.64213460394041,7.80455604609054,5.8087070478307,2.20595873653416,6.84813257884877,4.4637382585646,3.53220690095454,4.73477520762852,6.89798732397657,9.47370136815291,6.52716882388114,5.61607085499501,1.91573468571006,3.08080857415255,5.59036305049762,8.5052553252856,8.26927958617854,5.30256680712956,3.98634779061693,2.77195672795313,4.35837198893409,2.91039196594998,3.27936333707137,8.4772689052579,1
GSM2371152,5.86811909843196,5.51773649593604,4.75747670244101,5.82023753024881,7.5325948453052,4.90006506252819,-0.223979876,7.19938868883134,4.09282589169363,2.80276651604659,3.87330390970123,3.39096335938638,2.20772475719272,4.97793184291806,4.43826494052557,7.16095532395527,6.79107738292434,0.686032091741542,6.74457902439171,5.58563593571668,3.45177041550341,4.26836650981104,7.37056838612267,8.96437968129667,6.48492466547621,5.20292622878652,1.83420495559738,2.82336742778808,6.37757816824303,8.84288858228767,7.58782343121884,4.64335119852167,4.66348628805438,2.72825458544067,4.66918793008492,2.31344888203632,3.19936647922654,9.49434521513783,1
GSM2371153,5.47476703207422,5.80830370600403,5.75300430288744,5.82448847730858,7.4746078326215,5.58302288268898,-1.798297918,7.34680092537433,4.79454206993011,2.353562933,4.03943193750738,3.36580619954446,2.72451075600524,4.99533751364717,4.96969423430621,8.09556474976541,5.73282006401715,2.9067178987759,6.79550384095777,4.83888899787682,3.58713120237489,4.37351965937735,7.25225590916378,8.13057925376852,6.47238012774145,5.81851526739842,2.13257919877186,2.78946761219589,6.32385079587686,7.86940659286397,8.2955501572348,4.38002357432443,4.46200982725853,2.21492176737674,4.48783316030806,3.29873560413459,3.57584420493895,10.0126521801543,1
GSM2371154,6.57549058169554,6.14168812422864,5.69024403861939,4.8112364331087,7.91862863643207,4.03194599558823,-0.070498369,7.97783485514893,0.652845429422283,1.90385433693448,3.23491881163727,2.65876864208015,2.9923741302313,4.6080220039145,5.32562397667732,6.76298481143711,3.90336038655258,-0.505684523,5.86844815820788,4.32754273088479,3.04208491858777,4.65315380438194,6.59690062905612,9.84292369121126,6.22595356356229,5.06609174536585,2.12501401166603,3.21579236699176,5.02135224356082,8.1278191823012,7.56779838552867,6.06427390700628,4.38432141500172,2.21445248777738,4.57463002348867,2.37823844181068,3.70503496537848,5.78898719230278,1
GSM2371155,5.29907938619674,5.60913021958976,5.11538249999483,4.08907976050976,7.54827802842017,4.33741590782348,-0.352272936,7.54614231864945,1.77668191689523,1.68929875317413,3.00137220053224,2.92213973097278,2.46352288226022,5.04122312887037,4.69794056246794,6.5564268039914,3.45652592559617,-2.698457223,6.27858695509233,4.33741590782348,3.34658460081755,4.58748226138352,6.58129078595539,7.31253813480341,6.98661348817749,5.1237391889175,1.87895631163073,4.57534748880161,5.22721906669906,8.31742779431383,7.95430859062897,5.32920089369207,3.38184970311733,1.78724185291357,4.12073665300504,2.29616360620542,2.86845100382093,5.8999050894315,1
GSM2371156,6.20592602672215,6.14508198567483,6.07984846568624,5.28325252321113,9.02931994257494,3.18564798814054,-1.765901158,8.7881221533858,1.4008622314666,2.48254466325775,3.94638068120481,2.09935731959411,2.90961922809741,5.1632271156776,4.96904251593682,8.35591404282389,5.86829895665209,-1.202788186,5.66718467321824,4.61362382408119,3.68809117351006,4.68622547863788,6.94623339832847,9.71847297395779,6.77741255396337,5.47889803873522,1.92745686402123,2.8824095757886,5.78153747400693,9.12321595396793,8.48063026902906,6.36778620329055,4.17821745649982,1.13708493835054,4.99104557110729,3.398166004,3.65171846512107,6.77371513594011,1
GSM2371157,5.41343098053302,5.92911034586678,4.49114102406336,4.15226523787351,8.4522633912461,4.78588554532058,-1.284470991,7.58427078559368,0.717484869587277,1.96978114247346,3.41993534199579,3.03041044292694,2.1910733285857,5.25685873705701,4.55629941372205,8.5810154501669,4.64883086830743,6.67614418474244,6.66141160966349,4.56225979140642,3.96699399470755,4.61291021747927,6.71946018141849,8.69797248275069,7.56732989627725,6.11089005788656,3.65003247625892,3.38449127403141,5.43090988216566,8.60129926258354,7.59448607278188,5.31095965795161,3.50903361467662,7.28538498342882,4.97051852146075,2.76696755007034,2.3091963680258,6.35130956030668,1
GSM2371158,5.73040241082375,6.22367361593916,5.50601199968576,5.09291429669112,8.83695702356195,3.65432298577084,-0.61785172,7.64839140824775,1.58144519630886,2.54941868160195,3.38654293763002,2.94501118739935,3.2152949446674,4.84389748213983,4.92395821619899,7.54085812698418,5.44357172924185,0.543994386535111,6.13247284241341,4.40428212931419,3.19904142607416,4.61802754959824,6.4860339986199,9.47218559556934,6.37918486962506,4.98566510661085,2.8802276624819,3.81492826263084,5.87872157980562,9.3408457114981,7.84432820143422,5.40423621839218,4.20911619629303,2.34301890021513,4.40250880006317,2.16200458396583,3.17431256616375,6.0566989627672,1
GSM2371159,4.94627005781403,6.06523833782917,5.44556478139189,4.40725977311889,9.03295856366159,4.2136816346614,0.291232886034566,7.46349944224272,0.582641685590576,1.58092085213147,3.20814023831101,1.78233010536159,3.23890713441024,5.2639637784306,4.75996033471761,7.66739317413727,4.31822404213136,1.73993953992572,6.26809790067457,4.36080840702265,3.49613120273435,4.60620953110503,6.40326287532935,9.4637828299459,7.07589022772278,5.18222425159575,2.00450858185949,4.38851531842286,5.58605203423777,9.74904545951578,7.85487915943045,5.30724851931682,3.8122254647906,2.05724987221634,4.20786151840358,1.81332513886802,2.82278271961071,6.67165328422969,1
GSM2371160,5.8877155021334,6.04548265935191,5.99882468869872,7.06375720261385,8.13851937625061,4.53714349577123,-1.334446976,7.84683910435035,3.7732628886417,2.87270029166849,3.5136138775674,3.35632945275395,3.49452269631327,4.8700943682598,5.02542783371645,8.10373384016905,5.96454883528751,3.67977449620164,7.61632536547767,5.18704331545067,3.29144196189672,4.71850132794206,7.24500988165168,9.59445872416518,6.85026094983612,6.04829083637268,1.43986851367038,2.38471669322681,6.13141554369651,8.60289912681033,8.05802263461885,5.61213479073908,5.05458390139334,3.5136138775674,4.91796354787408,2.95879855717005,4.26353856852438,7.61237752785916,1
GSM2371161,5.39436567875834,5.59339141039179,5.5921261780398,6.49035586842432,8.76996337464682,3.83319188410552,3.05424039355107,7.4272750334331,3.43626313167866,5.18791726276782,2.65930418260038,4.25382948907973,3.06157262907064,5.36873365353343,4.61568031152998,8.48588640707752,6.7363954262586,3.61633025813519,6.94429548790065,4.88005857988536,3.28786627483932,4.82941480902671,7.39770698444284,9.12140138807381,6.73324232030455,5.77496597091323,2.4739052827393,2.96321763517774,6.37591178096313,9.15301071383861,8.43783259559183,5.68347339929301,4.12327398836696,2.84497196113521,4.30105663057508,2.3476358345132,2.9114057311517,6.7776058125733,1
GSM2371162,5.58586114742024,6.02609998360071,5.99742277526002,5.17600160808974,9.34976191763768,3.69942550972104,0.27004919420356,8.31055217523337,0.397670521833068,-0.625492685,3.15102074891786,1.10692106859796,3.33234889276485,5.1315581402844,4.92373799099132,7.18291825242172,5.8880149313487,-2.307016373,5.73530076236995,4.93780570293578,3.45968217691783,4.76710081593981,6.55542764854559,9.31809769445038,7.01994072889344,5.70837048390831,0.533560880615969,3.96799843856711,5.8127236797328,9.41756370459513,8.3835139757262,5.48348593138918,4.51013440393895,1.45874010362288,4.81170767317206,1.37849795269906,3.36134234219439,6.75209908140253,1
GSM2371163,6.40495396967003,6.08625158688126,6.11773229664232,7.35407740977333,7.45829082483875,4.55225683812596,-1.016796842,7.23753759134354,3.21894210130001,3.2593543573959,3.91935380108445,3.91514413907901,3.4283856227035,4.88056242637477,4.83226397822173,8.05535257699357,6.44419404382928,2.92443390769806,7.33332567036597,5.04755518988564,3.51993951028523,4.4828444982095,7.33135246269438,9.2553770261617,6.88829693899308,5.64895511504621,0.67474598705852,1.58832864663196,6.20135355594608,7.48906215288846,7.82429564139951,5.31691835152258,5.34379053097952,3.85927049049763,4.71608159973225,3.3864282915476,4.17310316269825,7.07156930401467,1
GSM2371164,6.21860961451422,6.34071122951017,6.26202499930938,5.30061061939085,9.03489598286531,3.31322990464232,-1.304064227,8.80237610480264,1.36552939010531,2.29078271672035,4.07804700665973,2.17661621314485,3.19439166121801,4.99291735366926,5.0951006047437,8.27742271553688,6.00895466705876,-1.459506386,5.60462416507355,4.60375336097958,3.5353733877671,4.7417498724858,6.80962569671725,9.79105049427561,6.73707453561119,5.32909692844374,2.15667819214094,2.79511057787787,5.80311531947074,9.01657622162176,8.37250476809797,6.35827592317462,4.41103472193936,1.16721602123155,5.13810306934331,3.59831934806259,3.89761148270407,6.68234248628918,1
GSM2371165,6.05206031209941,6.5514379315503,6.10649288015161,3.22682000134593,7.90736319605131,3.81964523424791,1.96891538330162,7.31778859390465,2.85976200269279,1.13153215315803,3.63979990133445,3.70608894381644,3.15604492036469,6.57354018030678,4.03823419945541,10.4370785976976,7.90445978228029,10.8010428613335,7.08593691636172,5.96953412537442,4.90421818464709,4.73710342861783,7.83340130236193,8.71203283717665,7.3345262890162,7.11708417287604,1.59375938017903,5.60072479216731,4.98810554912899,9.00347797478007,9.37833476342724,4.12915692311781,3.2892057342036,12.1815166430244,6.73913296334708,5.43700645891799,4.28270889231778,7.63374669799114,1
GSM2371166,5.00589726101818,5.63868156342526,5.406139484,6.04075275819425,8.25081044616304,4.01532306881026,-1.163331899,7.1384382646199,4.61190075611592,2.49454879692426,3.66806055318426,3.25800796209724,2.44680390659624,5.13416762872609,4.76436200400773,9.52305993661425,5.90852535014671,4.72344320955301,7.73958666558245,4.45870080882191,3.48770106088521,4.61961129694094,6.82793947209506,8.54984225577691,6.96226167049914,5.54784890578234,0.173599888481327,2.48782407803317,6.15499084944674,8.73976033503879,8.57771880429742,4.10813484583015,3.83896462790186,3.34987275328212,3.97501749812961,2.18935714356912,2.60431899857935,9.60845958950873,1
GSM2371167,6.38546058126073,5.4074376832372,6.28743541449843,7.96188643996934,7.51994576157924,4.63528243393278,0.751654091986681,7.88192287357658,4.33349773558752,3.24674943422192,3.6499291615846,3.74839804358912,4.03686259618665,5.04455254508543,5.34991527207042,7.6970258738192,7.2429435211271,3.06638928827017,7.76062986571523,5.80735890689207,3.38351534235125,4.60338412277757,7.20373193006021,6.5851918431785,7.26108110856139,6.98011973162634,-0.133763616,1.85945372903758,6.21429280098745,5.87712119835512,8.10214277336962,4.95559370498005,6.02258951500404,4.80135267418631,5.62957091306453,3.82609898271022,6.32446485061636,6.5587344824335,1
GSM2371168,4.86288055590117,4.80139754664074,5.51574996295851,6.5278591329616,8.11620088402906,4.04440710116876,-1.711505673,7.31247364011244,4.32886872444527,4.50074196179167,2.89765289672423,4.03435805794437,2.7134278472071,5.30036257830735,4.64904281728898,8.54609878421499,7.26513556145762,4.55376553762591,7.42616932462286,4.94778048793649,3.39213579391492,4.57887277319384,7.04483019319792,8.77214508552282,6.82782248895009,5.35063205216054,1.58894532934537,2.73840328664176,6.22623091507048,8.75832208236284,8.72949393755704,4.19994485977814,3.84036683266195,3.07674795601462,3.55282245704349,1.98092277726603,1.90353869322575,8.73849706845415,1
GSM2371169,6.34340787239386,7.07748724398181,6.29243726734035,3.74092965570654,8.98653154889963,3.26208077954234,-1.037945771,8.2958536406405,1.36904330011445,1.7091157678174,3.30754870731608,1.824007924,3.47397248078066,5.08918615868542,5.07068935840762,8.0271170431901,7.122706051,2.07353825582835,5.86201444808355,4.75937848719685,3.93748012565509,4.89346963574623,6.67875956027693,11.158415632093,6.49444903818565,5.35681382615918,1.97751674198438,3.88727652848712,6.02019137225918,9.46100804298005,8.06780912046108,5.52984866920849,3.55161022865506,4.47519918172425,4.98026402660544,2.63150866414444,3.83160550341412,6.52873282756873,1
GSM2371170,5.57331618970716,5.7124759795344,6.1994133480205,5.68620708398917,8.73615091453188,3.26386671330692,-0.534950489,7.822809677,3.1852466785808,1.75051631244017,3.1531487221056,1.74269398207076,3.50721324177494,5.14367541985087,4.89467083139876,7.37509491731716,6.18108030724922,-1.083608737,6.02214416978939,5.00913404189565,3.64157931075575,4.87423110036376,6.34149039577004,7.82106959419313,7.10094716579198,5.76988846794438,0.12494177615567,4.76262209412645,6.3021142810584,8.96117086875532,8.87305591049756,4.65108269762983,4.72043024074994,1.7737320009226,4.62046303603511,0.818575894378759,2.93710272346054,7.77627253979982,1
GSM2371171,4.92245115558764,5.06535697154583,5.73862301631381,6.00798424958895,9.63330442599479,3.4646685669938,-0.672325624,7.57625730747217,2.95453914558959,1.06274272118573,2.89504736552124,1.89020645002168,3.13251199832156,5.20459259666866,4.74849260683981,6.98259288395901,5.9682453450638,-1.447999802,6.69530380137354,4.92369213546538,3.22802219267554,4.88088821114874,6.55339923798663,7.72353686765588,7.07596191747094,5.42039996602412,0.413702553139361,3.49837437315413,5.92923548145278,8.68059379158751,9.07490564988871,4.44916237678546,4.3511088338998,1.65940214043293,4.1473644337047,1.38450807854334,1.64743398249142,6.82515620584105,1
GSM2371172,5.02696432982383,5.70402045589128,5.9368343274026,5.58210295096572,8.76351071510203,2.38952137335344,-1.480127163,7.82782990609102,1.65588691184561,1.80866963147296,3.12318990618059,1.89313090239213,2.80734402676521,5.03111217082599,4.83983832059191,7.64183858187545,6.12614040927735,-0.011446044,5.74878308037175,4.88637061540466,3.49756393395129,4.66135705159317,6.90969907241875,7.92910036871992,6.89469673499596,5.32094366493045,1.87478441508522,3.5505372063101,5.94124915480258,9.27309061927108,8.82616931041924,4.72034310064285,3.90035347757627,1.19083386836638,4.05908093771878,1.8183021347867,2.83132760489214,6.98058078539755,1
GSM2371173,5.20103455080424,4.89986556245423,5.57487384931585,5.88256441103178,8.17241943632392,3.94850304540584,-2.668155002,7.74517388904623,4.5785821075061,4.57229164363261,2.86704313686225,3.29140357417982,2.79683887677935,5.43627286206394,4.20040951133293,8.00620533580514,6.07207712735597,0.379455443416296,6.70872656491705,4.84003243573691,4.12505439944992,4.96053049809825,6.95182579609461,8.23962389380618,7.25517656649375,5.46258677815965,0.559845953303329,2.97906886799641,5.9902940666949,8.37723958054271,8.97658682880382,4.3647218038602,4.01803785397678,2.35405548971493,4.04251474341391,2.50259270947225,2.8738792646991,9.13897712675472,1
GSM2371174,6.27425113959111,7.90694975799327,6.13707529777005,4.95760953021037,9.10704674927409,3.5667124118664,0.979452326341601,6.97506897814923,-0.071997176,0.644832843497669,3.9021856976205,2.11737486982949,3.29401235407292,5.15065544284406,5.26379629039573,9.39486697577015,9.12656255079325,7.83424384891989,5.87543038560179,6.07641330248759,3.77461524959695,4.08677995673761,7.48274888645097,8.84076901314596,6.48021425630905,5.80028416182771,-0.343628701,2.56824026700163,4.41126494850599,9.49292474547029,8.52838718522553,5.6905462904279,3.7353626566353,9.6319630601681,6.99690161222048,4.20004088552325,3.69955167147173,7.32423133690857,1
GSM2371175,4.74882853565603,4.91526031315286,5.5612476411552,5.72515194784402,8.23222492449668,3.75943610319128,-0.31693346,7.8818705728831,2.65867189918897,1.7403127741114,2.80558040378418,2.24585624701094,1.78147434411959,4.99397999552479,4.65504512955186,9.31853521912423,6.50928073560394,2.0322698815203,6.43141025657247,4.52928869003871,3.74909800822356,4.7279234801612,7.09191768997751,7.60119881140307,6.60983170819784,5.02858364263571,0.823542659807709,3.21911090450633,5.61915986837611,9.21230140488703,8.77644176647871,5.46977252419451,3.54611775990591,4.31997874410971,3.65809803207087,1.49018056765608,1.8507967201762,7.31156078128665,1
GSM2371176,5.14639219197159,6.25049031111681,5.63701993402553,4.3174108928884,8.98364290426618,3.96219547828901,0.279431787952176,7.46636490838242,0.370533963725161,1.07748057746209,3.3174563436541,1.90511210443323,3.41341955216656,4.95113960866174,4.84129085329667,7.57331047942803,4.41872349047503,1.76661662251935,6.16876354162755,4.27677020700423,3.39545407143168,4.63167651831912,6.2796763955462,9.60658043588679,6.98274612467069,5.20635867266659,2.68007692221028,4.34762456393548,5.60532846851472,9.68567667117695,7.87195816069629,5.40260286570988,4.02897412738285,1.70959641639627,4.35879352839254,2.38465317360019,3.47288105813635,6.58406228950057,1
GSM2371177,5.65439622276569,5.57530887124875,5.65505383931113,4.35043530836872,7.79185457722594,5.42995495720694,1.76810269738312,7.79499060447208,0.493876567097801,1.86223050960865,2.46433077347355,2.08940005581112,3.01625248942297,4.75801365670306,4.7798855337979,6.38811559974161,4.54747405716301,0.751709635661711,6.03997553658049,5.12565613819612,3.55921924376439,4.79428471562498,6.39600496679106,8.08581681685738,6.24824967160741,4.75801365670306,1.60342558147151,5.49604446329266,5.50409677306455,8.57632738405348,8.08398657748461,4.33081371335027,4.544637802,3.47234019296886,3.69075111282535,2.33897678745079,2.52889844747954,5.76575276835119,1
GSM2371178,5.15068709989675,5.87893040603826,6.11591456502405,5.19975278470153,8.74415769794111,4.74806199916926,0.674040126735022,7.93247199329438,2.65404938840877,-0.045385524,3.14150267409771,1.25744097261126,3.63678395835319,4.66690924597095,5.01320460730025,6.89326838457132,4.85523453209941,1.00372606792092,6.04660789678138,5.17975094739873,3.38389504258727,4.69804634813556,6.92049961106034,7.35334736555374,6.45713984341834,4.89783636963487,1.44787609475517,4.98494145979381,5.58511353198932,8.47056508056059,8.24897628775945,4.37183117746653,4.35663970809995,3.29814102258958,4.15480600448689,1.25744097261126,2.83057772963314,6.78205492365812,1
GSM2371179,4.75095347482164,5.29551797393024,5.09349261745634,3.80607377220584,8.36139841589519,2.82429503465202,1.67571983619029,7.27302186767024,2.14006179153188,1.60372557961434,2.54561091439459,1.87236944202981,2.01241552646012,5.04945642550151,4.33464664009691,7.85268320539143,4.23331735969048,1.29178746897328,6.26916271068242,3.85651001348522,3.88412424489852,4.64553936168455,6.18037989001284,8.21595559647605,7.10782954379466,4.64733104905008,1.95570562046511,3.97823696463508,5.24907712381656,9.17479967558358,8.81972384019431,4.6966156701966,3.44736275400774,2.71235920539053,3.78017864674236,2.08824121156905,2.66361862190321,6.32059673699093,1
GSM2371180,5.05047538695207,4.99419841676762,5.25281234868634,3.01973139167254,6.85234505961867,6.45982097491287,12.3676162515478,6.82554472899015,4.45775160656061,0.824615822030964,2.61027281526458,2.199432492,1.78570042973712,5.30448897097768,5.19921570836577,5.53065055972652,3.42874525754827,-0.198725774,7.15563723002388,5.68312519746071,4.34032752765623,5.59187532602525,7.01628296100426,6.11292804541517,6.45579354471038,4.86450546117791,0.982254746268666,3.47723381326693,7.03124596569415,7.05938781003529,7.01491496093836,4.30195610924778,2.27452138095069,0.889752494741798,4.07221895220062,0.356475300553993,0.790910397443929,6.63804090858363,1
GSM2371181,4.98747453555824,5.85744451787332,6.11385555523064,5.37106519956263,9.1135294909642,3.27294137221505,-0.417214118,7.69686818244913,1.2559586681814,2.13758054682025,3.43743993908178,2.61214987415947,3.33107135147044,5.01100367691673,4.88447715452858,7.6376372947419,5.78909800756445,1.41223381569497,6.10033903773902,4.66615310714622,3.2505242431488,4.63476252706498,6.68840616679966,8.63807373057213,6.90092944706879,4.98860371539993,1.28566048723294,3.8061357952044,5.65328809969373,9.12082150011776,8.43053820333212,5.14363444238293,3.96831219792779,2.0962749459183,4.14074104347504,1.43891442597356,3.1164614197725,6.97173069262472,1
GSM2371182,5.50665118381579,5.83950108275807,5.85129264956365,6.70397717907745,8.57054445654434,3.76630804489329,3.09371873279447,7.26487776071416,3.73984349910671,4.93658577520086,2.93480607633533,4.07020935567438,3.64604980569426,5.02581877323581,4.81509118070743,8.40113742909182,6.86385960277759,3.58788724995485,6.78030058060041,4.93775049967739,3.38765836474573,4.6656431959786,7.20349898329715,9.20872645211637,6.56579437099076,5.71392249210257,3.43461673967848,2.89698230314031,6.2061977417256,8.9511953517521,8.29732176612283,5.55602749455689,4.10172619649332,2.58835560924893,4.59505406278711,2.76672192764856,3.56997119738729,6.66019427559054,1
GSM2371183,5.64729749863984,6.12919507790571,6.21373065766366,5.33421279902281,9.11384347704411,3.83048259805972,1.16376278694127,7.54525718887701,3.19629752005028,1.800753066,3.09495015786457,2.06009936192357,3.40050166035135,4.99035937382299,4.76203296479678,7.06999522098672,5.89767653839027,-0.613222752,5.91315907629133,4.66172260771421,3.34374108527834,4.83429457238157,6.49529738335615,10.0780185012176,6.68281193418599,5.26107919506455,0.972082195327505,3.82394458671151,5.82095589028889,8.9498767159464,8.16385758137408,4.0958746179607,4.11385260211769,1.88691529741776,4.36417904605407,1.14988916402315,3.08404783019394,7.27403474170801,1
GSM2371184,5.40723803522972,5.51753464157573,6.06437444499375,5.55268356628078,8.73167177360581,2.94756968994776,-3.495316167,8.32456066350329,1.95751631788887,1.88352383219928,2.71525256301805,1.89726235408894,3.12735586137746,5.5548521985155,4.64871743244797,8.5907556177227,6.20943385138021,0.346397756227705,6.09673652554595,5.33903817559208,3.80540212811683,5.03011024030417,6.78841597418714,9.7442862086439,7.1221823055075,5.5114062285432,0.746214592921889,4.38304572908436,6.02580796793791,9.75814544796573,9.21355073666664,5.31300891680413,4.32958452154997,1.33611076479026,4.40605139164638,1.29518731027905,2.7610534097334,7.22449364519062,1
GSM2371185,5.31364014318728,6.28915221285116,6.15245829160213,4.94762254637932,9.41380693609021,3.79622078041356,-0.614394795,7.79394281592993,0.674278195745695,0.6935166345115,3.53873358174666,1.17625811136539,3.86994421105831,4.99588129459179,4.89976559599731,7.44546835623948,5.37599584755744,-1.416153317,6.05959482227433,4.49897630316697,3.49280046386692,4.72263906979214,7.07995653325773,9.48579316824819,7.0212102868504,5.28142160625932,0.249468162958529,4.30310407539636,5.66989470113213,9.61323564614723,7.93246524215705,4.9625678146636,4.1857327086241,2.85398396734167,4.69546199987623,1.93498758693729,3.9640452924115,6.72396293043536,1
GSM2371186,6.1027962817903,6.54525223340707,5.88516222965484,3.76982747502796,8.94702853045205,3.32318010621111,-1.964857668,8.22208042798416,1.52308141567589,2.15688778255097,3.25794954085711,2.24929064489459,3.00317401641633,5.24209488838883,4.8778964915735,8.26628857670329,6.78672489812242,2.65606019797537,6.23332064801843,4.84957869722271,4.176605648,4.89498176454548,6.82241405381275,10.9518747651999,6.79009349277358,5.33199899942343,1.09532501134134,3.93890837646572,6.07149925998791,9.58640691015415,8.19900528386718,5.63359303091134,3.62428668193849,4.92505936533975,4.66585358693724,2.05815916215507,3.06486549338018,6.68983483556396,1
GSM2371187,4.83059100818204,5.38914836846629,5.47125239478799,5.4690740753257,8.79198065819322,2.29779510639246,-1.067121402,7.81284364654854,1.55160156656796,2.1387869217966,2.73975857934482,2.08669631427715,2.25797435906534,5.22070035376587,4.5353901821987,7.86527327403623,5.88694416357582,0.824791100086881,5.99586302047541,4.85415229059649,3.61555837540787,4.81008476376632,7.05699238888488,7.71742669676448,7.00130191520002,5.3446916566106,1.24711431384316,3.57021138206702,5.98370708006425,9.41479822382887,8.95248819473906,4.64236564483889,3.67472596027186,1.54057950354588,3.71939560911923,1.16336910998807,2.10177224926827,7.11619165832349,1
